SUMMONS,PRECINCT,VIOLATION,DESCRIPTION,DATE,TIME
1472275238,110,10,NO STOPPING-DAY/TIME LIMITS,2021-07-14T00:00:00.000,0632P
1472275240,110,10,NO STOPPING-DAY/TIME LIMITS,2021-07-14T00:00:00.000,0632P
1462146922,6,10,NO STOPPING-DAY/TIME LIMITS,2021-06-14T00:00:00.000,0803P
1462147057,6,10,NO STOPPING-DAY/TIME LIMITS,2021-07-10T00:00:00.000,0454P
1462147069,6,10,NO STOPPING-DAY/TIME LIMITS,2021-07-02T00:00:00.000,0504P
1457734000,46,14,NO STANDING-DAY/TIME LIMITS,2021-07-02T00:00:00.000,1046A
1457734011,46,14,NO STANDING-DAY/TIME LIMITS,2021-07-02T00:00:00.000,1058A
1458019159,60,14,NO STANDING-DAY/TIME LIMITS,2021-07-22T00:00:00.000,0700P
1459587674,109,14,NO STANDING-DAY/TIME LIMITS,2021-07-21T00:00:00.000,0216P
1460741882,60,14,NO STANDING-DAY/TIME LIMITS,2021-06-29T00:00:00.000,0925A
1460912860,18,14,NO STANDING-DAY/TIME LIMITS,2021-07-07T00:00:00.000,1116P
1460912871,18,14,NO STANDING-DAY/TIME LIMITS,2021-07-07T00:00:00.000,1054P
1460912937,18,14,NO STANDING-DAY/TIME LIMITS,2021-07-10T00:00:00.000,0222A
1472292418,110,14,NO STANDING-DAY/TIME LIMITS,2021-07-14T00:00:00.000,1134P
1472321613,110,14,NO STANDING-DAY/TIME LIMITS,2021-07-15T00:00:00.000,0620P
1461550610,109,14,NO STANDING-DAY/TIME LIMITS,2021-06-26T00:00:00.000,0130A
1462125025,122,14,NO STANDING-DAY/TIME LIMITS,2021-06-27T00:00:00.000,0415P
1462129018,10,14,NO STANDING-DAY/TIME LIMITS,2021-06-30T00:00:00.000,1031A
1462129031,10,14,NO STANDING-DAY/TIME LIMITS,2021-06-29T00:00:00.000,1026A
1462129043,10,14,NO STANDING-DAY/TIME LIMITS,2021-06-25T00:00:00.000,1054A
1462129067,10,14,NO STANDING-DAY/TIME LIMITS,2021-06-30T00:00:00.000,1029A
1462129079,10,14,NO STANDING-DAY/TIME LIMITS,2021-06-30T00:00:00.000,1027A
1462129080,10,14,NO STANDING-DAY/TIME LIMITS,2021-06-30T00:00:00.000,1026A
1462129171,10,14,NO STANDING-DAY/TIME LIMITS,2021-06-25T00:00:00.000,1051A
1462129195,10,14,NO STANDING-DAY/TIME LIMITS,2021-06-25T00:00:00.000,1033A
1462129201,10,14,NO STANDING-DAY/TIME LIMITS,2021-06-25T00:00:00.000,1031A
1462132017,10,14,NO STANDING-DAY/TIME LIMITS,2021-06-16T00:00:00.000,1032A
1462132029,10,14,NO STANDING-DAY/TIME LIMITS,2021-06-16T00:00:00.000,1037A
1462132042,10,14,NO STANDING-DAY/TIME LIMITS,2021-06-17T00:00:00.000,1031A
1462132054,10,14,NO STANDING-DAY/TIME LIMITS,2021-06-17T00:00:00.000,1037A
1462132066,10,14,NO STANDING-DAY/TIME LIMITS,2021-06-21T00:00:00.000,0855A
1462132078,10,14,NO STANDING-DAY/TIME LIMITS,2021-06-21T00:00:00.000,0902A
1462132080,10,14,NO STANDING-DAY/TIME LIMITS,2021-06-21T00:00:00.000,1011A
1462132091,10,14,NO STANDING-DAY/TIME LIMITS,2021-06-28T00:00:00.000,0225P
1462132108,10,14,NO STANDING-DAY/TIME LIMITS,2021-06-29T00:00:00.000,0706A
1462132110,10,14,NO STANDING-DAY/TIME LIMITS,2021-06-29T00:00:00.000,1026A
1462132133,10,14,NO STANDING-DAY/TIME LIMITS,2021-06-30T00:00:00.000,1024A
1462132145,10,14,NO STANDING-DAY/TIME LIMITS,2021-06-30T00:00:00.000,1029A
1462132157,10,14,NO STANDING-DAY/TIME LIMITS,2021-06-30T00:00:00.000,0121P
1462132169,10,14,NO STANDING-DAY/TIME LIMITS,2021-06-30T00:00:00.000,0125P
1462132182,10,14,NO STANDING-DAY/TIME LIMITS,2021-07-07T00:00:00.000,0713A
1462132194,10,14,NO STANDING-DAY/TIME LIMITS,2021-07-07T00:00:00.000,0753A
1462132273,10,14,NO STANDING-DAY/TIME LIMITS,2021-06-16T00:00:00.000,1029A
1462132297,10,14,NO STANDING-DAY/TIME LIMITS,2021-06-16T00:00:00.000,1034A
1462132364,10,14,NO STANDING-DAY/TIME LIMITS,2021-06-16T00:00:00.000,1027A
1462132388,10,14,NO STANDING-DAY/TIME LIMITS,2021-06-17T00:00:00.000,1030A
1462132390,10,14,NO STANDING-DAY/TIME LIMITS,2021-06-17T00:00:00.000,1032A
1462164079,34,14,NO STANDING-DAY/TIME LIMITS,2021-06-20T00:00:00.000,0715P
1462166568,34,14,NO STANDING-DAY/TIME LIMITS,2021-07-07T00:00:00.000,1218P
1462166581,34,14,NO STANDING-DAY/TIME LIMITS,2021-07-07T00:00:00.000,1231P
1462175673,10,14,NO STANDING-DAY/TIME LIMITS,2021-06-16T00:00:00.000,0944P
1472426769,114,14,NO STANDING-DAY/TIME LIMITS,2021-07-12T00:00:00.000,1145A
1462685146,109,14,NO STANDING-DAY/TIME LIMITS,2020-11-10T00:00:00.000,0344P
1462685160,109,14,NO STANDING-DAY/TIME LIMITS,2020-11-24T00:00:00.000,0257P
1462695061,34,14,NO STANDING-DAY/TIME LIMITS,2020-12-09T00:00:00.000,0545A
1462698797,45,14,NO STANDING-DAY/TIME LIMITS,2020-10-29T00:00:00.000,0320P
1462698803,45,14,NO STANDING-DAY/TIME LIMITS,2020-11-06T00:00:00.000,0325P
1463580162,121,14,NO STANDING-DAY/TIME LIMITS,2021-07-24T00:00:00.000,0343A
1463656944,72,14,NO STANDING-DAY/TIME LIMITS,2021-07-04T00:00:00.000,0535P
1463656956,72,14,NO STANDING-DAY/TIME LIMITS,2021-07-04T00:00:00.000,0530P
1464000920,63,14,NO STANDING-DAY/TIME LIMITS,2021-07-19T00:00:00.000,0940A
1472444553,115,14,NO STANDING-DAY/TIME LIMITS,2021-07-16T00:00:00.000,0817P
1472482761,111,14,NO STANDING-DAY/TIME LIMITS,2021-07-07T00:00:00.000,0834P
1472482773,111,14,NO STANDING-DAY/TIME LIMITS,2021-07-07T00:00:00.000,0835P
1464303381,13,14,NO STANDING-DAY/TIME LIMITS,2021-07-04T00:00:00.000,0140A
1464303411,13,14,NO STANDING-DAY/TIME LIMITS,2021-07-04T00:00:00.000,0130A
1464303435,13,14,NO STANDING-DAY/TIME LIMITS,2021-07-04T00:00:00.000,0130A
1464303472,15,14,NO STANDING-DAY/TIME LIMITS,2021-07-04T00:00:00.000,0138A
1465442923,115,14,NO STANDING-DAY/TIME LIMITS,2021-07-07T00:00:00.000,1210P
1465442935,115,14,NO STANDING-DAY/TIME LIMITS,2021-06-25T00:00:00.000,0618A
1465444270,115,14,NO STANDING-DAY/TIME LIMITS,2021-07-13T00:00:00.000,0907A
1465448196,113,14,NO STANDING-DAY/TIME LIMITS,2021-07-07T00:00:00.000,0825P
1465448445,113,14,NO STANDING-DAY/TIME LIMITS,2021-06-27T00:00:00.000,0715A
1465448548,113,14,NO STANDING-DAY/TIME LIMITS,2021-07-18T00:00:00.000,1057P
1465449711,113,14,NO STANDING-DAY/TIME LIMITS,2021-07-04T00:00:00.000,0609P
1465450130,113,14,NO STANDING-DAY/TIME LIMITS,2021-07-10T00:00:00.000,0236P
1465450610,113,14,NO STANDING-DAY/TIME LIMITS,2021-07-11T00:00:00.000,0339P
1465451493,113,14,NO STANDING-DAY/TIME LIMITS,2021-07-03T00:00:00.000,0712P
1465451500,113,14,NO STANDING-DAY/TIME LIMITS,2021-06-22T00:00:00.000,0753P
1465451511,113,14,NO STANDING-DAY/TIME LIMITS,2021-06-22T00:00:00.000,0725P
1465451699,113,14,NO STANDING-DAY/TIME LIMITS,2021-06-24T00:00:00.000,0240P
1465451810,113,14,NO STANDING-DAY/TIME LIMITS,2021-07-13T00:00:00.000,0450P
1465581832,73,14,NO STANDING-DAY/TIME LIMITS,2021-06-26T00:00:00.000,0502P
1465582526,73,14,NO STANDING-DAY/TIME LIMITS,2021-06-18T00:00:00.000,0856A
1465605964,83,14,NO STANDING-DAY/TIME LIMITS,2021-07-03T00:00:00.000,0140A
1472525164,112,14,NO STANDING-DAY/TIME LIMITS,2021-07-01T00:00:00.000,1205P
1472532466,110,14,NO STANDING-DAY/TIME LIMITS,2021-07-11T00:00:00.000,1218A
1472540943,60,14,NO STANDING-DAY/TIME LIMITS,2021-07-24T00:00:00.000,0500P
1472542848,60,14,NO STANDING-DAY/TIME LIMITS,2021-07-19T00:00:00.000,0003A
1472579124,72,14,NO STANDING-DAY/TIME LIMITS,2021-07-20T00:00:00.000,0434P
1472582202,72,14,NO STANDING-DAY/TIME LIMITS,2021-07-22T00:00:00.000,0717A
1472593376,67,14,NO STANDING-DAY/TIME LIMITS,2021-07-23T00:00:00.000,1220P
1465606749,83,14,NO STANDING-DAY/TIME LIMITS,2021-06-24T00:00:00.000,1226P
1465606750,83,14,NO STANDING-DAY/TIME LIMITS,2021-06-24T00:00:00.000,1230P
1466141347,44,14,NO STANDING-DAY/TIME LIMITS,2021-06-28T00:00:00.000,0800A
1466141438,44,14,NO STANDING-DAY/TIME LIMITS,2021-07-01T00:00:00.000,0935A
1466142182,44,14,NO STANDING-DAY/TIME LIMITS,2021-07-08T00:00:00.000,0945A
1466142194,44,14,NO STANDING-DAY/TIME LIMITS,2021-07-13T00:00:00.000,0835A
1466142200,44,14,NO STANDING-DAY/TIME LIMITS,2021-07-13T00:00:00.000,0840A
1466142224,44,14,NO STANDING-DAY/TIME LIMITS,2021-07-14T00:00:00.000,0805A
1466142248,44,14,NO STANDING-DAY/TIME LIMITS,2021-07-15T00:00:00.000,0800A
1466144294,5,14,NO STANDING-DAY/TIME LIMITS,2021-07-06T00:00:00.000,1106A
1466144324,5,14,NO STANDING-DAY/TIME LIMITS,2021-07-08T00:00:00.000,0943A
1457412469,0,14,NO STANDING-DAY/TIME LIMITS,2021-06-30T00:00:00.000,1235A
1462132406,10,16,NO STANDING-EXC. TRUCK LOADING,2021-06-17T00:00:00.000,0447P
1472428298,114,16,NO STANDING-EXC. TRUCK LOADING,2021-07-21T00:00:00.000,0245P
1465605710,83,16,NO STANDING-EXC. TRUCK LOADING,2021-07-08T00:00:00.000,0950A
1465605733,83,16,NO STANDING-EXC. TRUCK LOADING,2021-07-09T00:00:00.000,1049A
1472560255,72,16,NO STANDING-EXC. TRUCK LOADING,2021-06-22T00:00:00.000,0135P
1472605524,67,16,NO STANDING-EXC. TRUCK LOADING,2021-07-02T00:00:00.000,0920A
1465606154,83,16,NO STANDING-EXC. TRUCK LOADING,2021-06-22T00:00:00.000,0919A
1461355126,79,17,NO STANDING-EXC. AUTH. VEHICLE,2021-06-23T00:00:00.000,0836A
1462125438,122,17,NO STANDING-EXC. AUTH. VEHICLE,2021-06-20T00:00:00.000,0338P
1462129640,1,17,NO STANDING-EXC. AUTH. VEHICLE,2021-06-24T00:00:00.000,1213P
1462129675,1,17,NO STANDING-EXC. AUTH. VEHICLE,2021-06-26T00:00:00.000,0612P
1462146636,5,17,NO STANDING-EXC. AUTH. VEHICLE,2021-06-24T00:00:00.000,1114A
1462146650,1,17,NO STANDING-EXC. AUTH. VEHICLE,2021-07-02T00:00:00.000,1220P
1462175570,6,17,NO STANDING-EXC. AUTH. VEHICLE,2021-06-19T00:00:00.000,0642P
1463784636,71,17,NO STANDING-EXC. AUTH. VEHICLE,2021-06-23T00:00:00.000,1219P
1472472470,114,17,NO STANDING-EXC. AUTH. VEHICLE,2021-06-15T00:00:00.000,0825P
1472538456,110,17,NO STANDING-EXC. AUTH. VEHICLE,2021-07-07T00:00:00.000,1250P
1472552740,72,17,NO STANDING-EXC. AUTH. VEHICLE,2021-06-30T00:00:00.000,0145A
1465606762,83,17,NO STANDING-EXC. AUTH. VEHICLE,2021-06-24T00:00:00.000,1236P
1465606774,83,17,NO STANDING-EXC. AUTH. VEHICLE,2021-06-24T00:00:00.000,1241P
1465606798,83,17,NO STANDING-EXC. AUTH. VEHICLE,2021-06-24T00:00:00.000,1248P
1466144300,5,17,NO STANDING-EXC. AUTH. VEHICLE,2021-07-07T00:00:00.000,1100A
1466144336,5,17,NO STANDING-EXC. AUTH. VEHICLE,2021-07-08T00:00:00.000,0237P
1466144397,5,17,NO STANDING-EXC. AUTH. VEHICLE,2021-07-09T00:00:00.000,1250P
1466146692,5,17,NO STANDING-EXC. AUTH. VEHICLE,2021-06-23T00:00:00.000,0205P
1466146862,5,17,NO STANDING-EXC. AUTH. VEHICLE,2021-06-24T00:00:00.000,0109P
1466146874,5,17,NO STANDING-EXC. AUTH. VEHICLE,2021-06-17T00:00:00.000,1008A
1466149164,77,17,NO STANDING-EXC. AUTH. VEHICLE,2021-06-25T00:00:00.000,0726A
1466149176,77,17,NO STANDING-EXC. AUTH. VEHICLE,2021-06-28T00:00:00.000,0714A
1466152746,84,17,NO STANDING-EXC. AUTH. VEHICLE,2021-06-10T00:00:00.000,0717A
1466152862,84,17,NO STANDING-EXC. AUTH. VEHICLE,2021-06-08T00:00:00.000,1020A
1466152874,84,17,NO STANDING-EXC. AUTH. VEHICLE,2021-07-06T00:00:00.000,0714A
1466152941,84,17,NO STANDING-EXC. AUTH. VEHICLE,2021-06-28T00:00:00.000,0710A
1466152953,84,17,NO STANDING-EXC. AUTH. VEHICLE,2021-06-28T00:00:00.000,0727A
1466152965,84,17,NO STANDING-EXC. AUTH. VEHICLE,2021-06-28T00:00:00.000,0721A
1466152977,84,17,NO STANDING-EXC. AUTH. VEHICLE,2021-06-25T00:00:00.000,0721A
1466152989,84,17,NO STANDING-EXC. AUTH. VEHICLE,2021-06-29T00:00:00.000,0717A
1466152990,84,17,NO STANDING-EXC. AUTH. VEHICLE,2021-06-29T00:00:00.000,0735A
1466153003,84,17,NO STANDING-EXC. AUTH. VEHICLE,2021-07-01T00:00:00.000,0820A
1466153015,84,17,NO STANDING-EXC. AUTH. VEHICLE,2021-07-06T00:00:00.000,0720A
1466153027,84,17,NO STANDING-EXC. AUTH. VEHICLE,2021-07-06T00:00:00.000,0733A
1466153040,84,17,NO STANDING-EXC. AUTH. VEHICLE,2021-07-06T00:00:00.000,0739A
1466153052,84,17,NO STANDING-EXC. AUTH. VEHICLE,2021-07-06T00:00:00.000,0744A
1466153088,84,17,NO STANDING-EXC. AUTH. VEHICLE,2021-07-01T00:00:00.000,0718A
1466153090,84,17,NO STANDING-EXC. AUTH. VEHICLE,2021-07-01T00:00:00.000,0735A
1466153118,84,17,NO STANDING-EXC. AUTH. VEHICLE,2021-07-02T00:00:00.000,0805A
1466153120,84,17,NO STANDING-EXC. AUTH. VEHICLE,2021-07-02T00:00:00.000,0819A
1466153143,84,17,NO STANDING-EXC. AUTH. VEHICLE,2021-07-07T00:00:00.000,0710A
1466153167,84,17,NO STANDING-EXC. AUTH. VEHICLE,2021-07-07T00:00:00.000,0734A
1466153179,84,17,NO STANDING-EXC. AUTH. VEHICLE,2021-07-07T00:00:00.000,0745A
1466153180,84,17,NO STANDING-EXC. AUTH. VEHICLE,2021-07-09T00:00:00.000,0720A
1466153192,84,17,NO STANDING-EXC. AUTH. VEHICLE,2021-07-09T00:00:00.000,0732A
1466153210,84,17,NO STANDING-EXC. AUTH. VEHICLE,2021-07-09T00:00:00.000,0901A
1466153260,84,17,NO STANDING-EXC. AUTH. VEHICLE,2021-07-07T00:00:00.000,0825A
1466153283,84,17,NO STANDING-EXC. AUTH. VEHICLE,2021-07-08T00:00:00.000,0734A
1466153908,84,17,NO STANDING-EXC. AUTH. VEHICLE,2021-06-11T00:00:00.000,0710A
1466153945,84,17,NO STANDING-EXC. AUTH. VEHICLE,2021-06-23T00:00:00.000,0725A
1466154445,84,17,NO STANDING-EXC. AUTH. VEHICLE,2021-06-08T00:00:00.000,0712A
1466154962,84,17,NO STANDING-EXC. AUTH. VEHICLE,2021-06-21T00:00:00.000,0825A
1466155036,84,17,NO STANDING-EXC. AUTH. VEHICLE,2021-06-21T00:00:00.000,0712A
1466155048,84,17,NO STANDING-EXC. AUTH. VEHICLE,2021-06-21T00:00:00.000,0710A
1466155061,84,17,NO STANDING-EXC. AUTH. VEHICLE,2021-06-21T00:00:00.000,0715A
1466155670,108,17,NO STANDING-EXC. AUTH. VEHICLE,2021-06-21T00:00:00.000,1123A
1457945095,1,19,NO STANDING-BUS STOP,2021-07-10T00:00:00.000,0310P
1459632448,110,19,NO STANDING-BUS STOP,2021-06-30T00:00:00.000,0917A
1460745747,60,19,NO STANDING-BUS STOP,2021-07-19T00:00:00.000,0840P
1462101744,17,19,NO STANDING-BUS STOP,2021-07-03T00:00:00.000,1028P
1472353134,114,19,NO STANDING-BUS STOP,2021-07-18T00:00:00.000,0225A
1472415589,111,19,NO STANDING-BUS STOP,2021-07-15T00:00:00.000,1100P
1472427063,114,19,NO STANDING-BUS STOP,2021-07-18T00:00:00.000,0227A
1462607330,25,19,NO STANDING-BUS STOP,2021-06-22T00:00:00.000,0306A
1462607391,25,19,NO STANDING-BUS STOP,2021-06-22T00:00:00.000,0308A
1462685158,45,19,NO STANDING-BUS STOP,2020-11-18T00:00:00.000,0243P
1462685171,45,19,NO STANDING-BUS STOP,2020-11-25T00:00:00.000,0336P
1462685201,46,19,NO STANDING-BUS STOP,2020-12-01T00:00:00.000,0348P
1465438282,14,19,NO STANDING-BUS STOP,2021-07-07T00:00:00.000,0920A
1472544160,60,19,NO STANDING-BUS STOP,2021-06-30T00:00:00.000,0110A
1472574680,72,19,NO STANDING-BUS STOP,2021-06-15T00:00:00.000,1135A
1472579100,72,19,NO STANDING-BUS STOP,2021-07-13T00:00:00.000,0536P
1457617924,88,20,NO PARKING-DAY/TIME LIMITS,2021-06-25T00:00:00.000,0225A
1457732816,46,20,NO PARKING-DAY/TIME LIMITS,2021-07-08T00:00:00.000,0850A
1457786084,46,20,NO PARKING-DAY/TIME LIMITS,2021-06-30T00:00:00.000,0850A
1459590430,109,20,NO PARKING-DAY/TIME LIMITS,2021-06-25T00:00:00.000,1124A
1459590442,109,20,NO PARKING-DAY/TIME LIMITS,2021-06-28T00:00:00.000,0230P
1459590478,109,20,NO PARKING-DAY/TIME LIMITS,2021-07-01T00:00:00.000,0450P
1472301195,108,20,NO PARKING-DAY/TIME LIMITS,2021-07-11T00:00:00.000,0727A
1472319254,110,20,NO PARKING-DAY/TIME LIMITS,2021-07-09T00:00:00.000,0125P
1472320724,110,20,NO PARKING-DAY/TIME LIMITS,2021-07-11T00:00:00.000,1125A
1461355138,77,20,NO PARKING-DAY/TIME LIMITS,2021-06-23T00:00:00.000,0820A
1462118884,104,20,NO PARKING-DAY/TIME LIMITS,2021-07-10T00:00:00.000,0901P
1462119918,104,20,NO PARKING-DAY/TIME LIMITS,2020-07-04T00:00:00.000,0910P
1462125086,122,20,NO PARKING-DAY/TIME LIMITS,2021-07-11T00:00:00.000,0443P
1462125440,122,20,NO PARKING-DAY/TIME LIMITS,2021-06-20T00:00:00.000,0341P
1462125451,122,20,NO PARKING-DAY/TIME LIMITS,2021-06-20T00:00:00.000,0345P
1462126418,122,20,NO PARKING-DAY/TIME LIMITS,2021-06-26T00:00:00.000,1015A
1462126522,122,20,NO PARKING-DAY/TIME LIMITS,2021-06-28T00:00:00.000,0157P
1462126558,123,20,NO PARKING-DAY/TIME LIMITS,2021-07-04T00:00:00.000,0226P
1462126560,123,20,NO PARKING-DAY/TIME LIMITS,2021-07-04T00:00:00.000,0231P
1462166570,34,20,NO PARKING-DAY/TIME LIMITS,2021-07-07T00:00:00.000,1224P
1462166593,34,20,NO PARKING-DAY/TIME LIMITS,2021-07-07T00:00:00.000,1231P
1462172726,10,20,NO PARKING-DAY/TIME LIMITS,2021-07-14T00:00:00.000,1038P
1462174012,6,20,NO PARKING-DAY/TIME LIMITS,2021-06-22T00:00:00.000,0935A
1462174024,6,20,NO PARKING-DAY/TIME LIMITS,2021-07-19T00:00:00.000,0124A
1462174553,6,20,NO PARKING-DAY/TIME LIMITS,2021-06-24T00:00:00.000,1053P
1462175030,6,20,NO PARKING-DAY/TIME LIMITS,2021-07-05T00:00:00.000,0914A
1472344716,115,20,NO PARKING-DAY/TIME LIMITS,2021-07-17T00:00:00.000,0857A
1472418633,111,20,NO PARKING-DAY/TIME LIMITS,2021-07-14T00:00:00.000,0528P
1462176768,1,20,NO PARKING-DAY/TIME LIMITS,2021-06-21T00:00:00.000,0859P
1462176800,10,20,NO PARKING-DAY/TIME LIMITS,2021-06-23T00:00:00.000,0503P
1462178054,10,20,NO PARKING-DAY/TIME LIMITS,2021-06-25T00:00:00.000,0903A
1462181995,10,20,NO PARKING-DAY/TIME LIMITS,2021-06-23T00:00:00.000,1037P
1462189295,110,20,NO PARKING-DAY/TIME LIMITS,2021-07-04T00:00:00.000,1126A
1462189301,110,20,NO PARKING-DAY/TIME LIMITS,2021-07-04T00:00:00.000,1134A
1462563272,83,20,NO PARKING-DAY/TIME LIMITS,2021-06-19T00:00:00.000,1016A
1462563284,83,20,NO PARKING-DAY/TIME LIMITS,2021-06-19T00:00:00.000,1016A
1462567228,83,20,NO PARKING-DAY/TIME LIMITS,2021-06-20T00:00:00.000,0100P
1462567277,83,20,NO PARKING-DAY/TIME LIMITS,2021-06-20T00:00:00.000,0100P
1462571827,23,20,NO PARKING-DAY/TIME LIMITS,2021-07-08T00:00:00.000,1030P
1462575780,33,20,NO PARKING-DAY/TIME LIMITS,2021-07-12T00:00:00.000,1249P
1463584120,121,20,NO PARKING-DAY/TIME LIMITS,2021-07-12T00:00:00.000,0420P
1463758224,71,20,NO PARKING-DAY/TIME LIMITS,2021-07-07T00:00:00.000,0716A
1463759204,71,20,NO PARKING-DAY/TIME LIMITS,2021-06-20T00:00:00.000,1108A
1472428894,114,20,NO PARKING-DAY/TIME LIMITS,2021-07-08T00:00:00.000,0351P
1472518342,110,20,NO PARKING-DAY/TIME LIMITS,2021-06-30T00:00:00.000,0236A
1464305316,13,20,NO PARKING-DAY/TIME LIMITS,2021-06-24T00:00:00.000,1200P
1464305330,13,20,NO PARKING-DAY/TIME LIMITS,2021-06-24T00:00:00.000,1202P
1464305353,13,20,NO PARKING-DAY/TIME LIMITS,2021-06-24T00:00:00.000,1207P
1465437575,113,20,NO PARKING-DAY/TIME LIMITS,2021-06-24T00:00:00.000,0300A
1465444543,115,20,NO PARKING-DAY/TIME LIMITS,2021-07-14T00:00:00.000,0800A
1465579503,73,20,NO PARKING-DAY/TIME LIMITS,2021-07-07T00:00:00.000,1002A
1465579667,73,20,NO PARKING-DAY/TIME LIMITS,2021-07-11T00:00:00.000,1105A
1465579679,73,20,NO PARKING-DAY/TIME LIMITS,2021-07-11T00:00:00.000,1105A
1465580566,73,20,NO PARKING-DAY/TIME LIMITS,2021-06-16T00:00:00.000,1106
1465581560,73,20,NO PARKING-DAY/TIME LIMITS,2021-07-11T00:00:00.000,1213A
1465582290,73,20,NO PARKING-DAY/TIME LIMITS,2021-06-23T00:00:00.000,0855P
1465582540,73,20,NO PARKING-DAY/TIME LIMITS,2021-06-19T00:00:00.000,0323P
1465582850,73,20,NO PARKING-DAY/TIME LIMITS,2021-06-25T00:00:00.000,0040A
1472525152,112,20,NO PARKING-DAY/TIME LIMITS,2021-06-24T00:00:00.000,0531P
1472540529,60,20,NO PARKING-DAY/TIME LIMITS,2021-06-20T00:00:00.000,0557P
1472540530,60,20,NO PARKING-DAY/TIME LIMITS,2021-07-22T00:00:00.000,0509P
1472579112,72,20,NO PARKING-DAY/TIME LIMITS,2021-07-17T00:00:00.000,0443P
1465606221,83,20,NO PARKING-DAY/TIME LIMITS,2021-07-08T00:00:00.000,0815A
1465606312,83,20,NO PARKING-DAY/TIME LIMITS,2021-07-11T00:00:00.000,1208P
1466141311,0,20,NO PARKING-DAY/TIME LIMITS,2021-06-24T00:00:00.000,0945A
1466141360,44,20,NO PARKING-DAY/TIME LIMITS,2021-06-28T00:00:00.000,0930A
1466141414,44,20,NO PARKING-DAY/TIME LIMITS,2021-06-30T00:00:00.000,0930A
1466141426,44,20,NO PARKING-DAY/TIME LIMITS,2021-07-01T00:00:00.000,0815A
1466141440,44,20,NO PARKING-DAY/TIME LIMITS,2021-07-02T00:00:00.000,0810A
1466141451,44,20,NO PARKING-DAY/TIME LIMITS,2021-07-07T00:00:00.000,1003A
1466142169,44,20,NO PARKING-DAY/TIME LIMITS,2021-07-08T00:00:00.000,0805A
1466142170,44,20,NO PARKING-DAY/TIME LIMITS,2021-07-08T00:00:00.000,0935A
1466142250,44,20,NO PARKING-DAY/TIME LIMITS,2021-07-15T00:00:00.000,0930A
1466155929,108,20,NO PARKING-DAY/TIME LIMITS,2021-06-28T00:00:00.000,0133P
1457732830,46,21,NO PARKING-STREET CLEANING,2021-07-08T00:00:00.000,0831A
1459590272,109,21,NO PARKING-STREET CLEANING,2021-06-23T00:00:00.000,1035P
1460138120,100,21,NO PARKING-STREET CLEANING,2021-07-06T00:00:00.000,1235P
1460138132,100,21,NO PARKING-STREET CLEANING,2021-07-06T00:00:00.000,1235P
1460138144,100,21,NO PARKING-STREET CLEANING,2021-07-06T00:00:00.000,1232P
1460138156,100,21,NO PARKING-STREET CLEANING,2021-07-06T00:00:00.000,1228A
1462130689,7,21,NO PARKING-STREET CLEANING,2021-07-04T00:00:00.000,1235P
1462567253,83,21,NO PARKING-STREET CLEANING,2021-06-18T00:00:00.000,1127A
1462567265,83,21,NO PARKING-STREET CLEANING,2021-06-18T00:00:00.000,1130A
1463864681,70,21,NO PARKING-STREET CLEANING,2021-06-07T00:00:00.000,0150A
1472531930,110,21,NO PARKING-STREET CLEANING,2021-07-16T00:00:00.000,0924A
1472557360,72,21,NO PARKING-STREET CLEANING,2021-07-18T00:00:00.000,0919P
1465606300,83,21,NO PARKING-STREET CLEANING,2021-06-18T00:00:00.000,0951A
1462101768,43,23,NO PARKING-TAXI STAND,2021-07-01T00:00:00.000,1229A
1457733353,46,24,NO PARKING-EXC. AUTH. VEHICLE,2021-07-06T00:00:00.000,0200P
1459554190,109,24,NO PARKING-EXC. AUTH. VEHICLE,2021-07-09T00:00:00.000,0749P
1459554206,109,24,NO PARKING-EXC. AUTH. VEHICLE,2021-07-19T00:00:00.000,0759P
1472489846,109,24,NO PARKING-EXC. AUTH. VEHICLE,2021-07-08T00:00:00.000,0405P
1472489860,109,24,NO PARKING-EXC. AUTH. VEHICLE,2021-07-08T00:00:00.000,0411P
1472489962,109,24,NO PARKING-EXC. AUTH. VEHICLE,2021-07-13T00:00:00.000,0344P
1472544328,60,24,NO PARKING-EXC. AUTH. VEHICLE,2021-07-22T00:00:00.000,0620P
1459968967,107,27,NO PARKING-EXC. DSBLTY PERMIT,2021-07-14T00:00:00.000,1002A
1472276838,110,27,NO PARKING-EXC. DSBLTY PERMIT,2021-07-06T00:00:00.000,0930A
1472276840,110,27,NO PARKING-EXC. DSBLTY PERMIT,2021-07-06T00:00:00.000,0935A
1472276851,110,27,NO PARKING-EXC. DSBLTY PERMIT,2021-07-06T00:00:00.000,0940A
1462119931,104,27,NO PARKING-EXC. DSBLTY PERMIT,2021-07-10T00:00:00.000,0525P
1462125037,122,27,NO PARKING-EXC. DSBLTY PERMIT,2021-07-11T00:00:00.000,0455P
1462127241,122,27,NO PARKING-EXC. DSBLTY PERMIT,2021-07-07T00:00:00.000,0254P
1464303459,13,31,NO STANDING-COMM METER ZONE,2021-07-06T00:00:00.000,1255P
1464304646,13,31,NO STANDING-COMM METER ZONE,2021-07-13T00:00:00.000,0140P
1459632450,110,33,MISUSE PARKING PERMIT,2021-06-30T00:00:00.000,0917A
1462176732,6,36,PHTO SCHOOL ZN SPEED VIOLATION,2021-06-13T00:00:00.000,0547P
1462121214,6,39,OVERTIME PKG-TIME LIMIT POSTED,2021-07-13T00:00:00.000,1200P
1462173974,6,39,OVERTIME PKG-TIME LIMIT POSTED,2021-06-30T00:00:00.000,0140P
1462174528,6,39,OVERTIME PKG-TIME LIMIT POSTED,2021-07-02T00:00:00.000,0628P
1462175594,6,39,OVERTIME PKG-TIME LIMIT POSTED,2021-07-04T00:00:00.000,0210P
1462175752,6,39,OVERTIME PKG-TIME LIMIT POSTED,2021-07-03T00:00:00.000,0635P
1462176744,6,39,OVERTIME PKG-TIME LIMIT POSTED,2021-06-13T00:00:00.000,0545P
1462179400,6,39,OVERTIME PKG-TIME LIMIT POSTED,2021-07-05T00:00:00.000,1044A
1462181545,6,39,OVERTIME PKG-TIME LIMIT POSTED,2021-06-13T00:00:00.000,0543P
1464303423,13,4,BUS PARKING IN LOWER MANHATTAN,2021-07-04T00:00:00.000,0130A
1457617912,88,40,FIRE HYDRANT,2021-06-25T00:00:00.000,0130A
1457639580,83,40,FIRE HYDRANT,2021-07-04T00:00:00.000,1058P
1457670471,79,40,FIRE HYDRANT,2021-06-19T00:00:00.000,0740P
1457677635,41,40,FIRE HYDRANT,2021-07-03T00:00:00.000,0600A
1457733365,46,40,FIRE HYDRANT,2021-07-06T00:00:00.000,0200P
1457742858,82,40,FIRE HYDRANT,2021-06-27T00:00:00.000,0821A
1457944558,70,40,FIRE HYDRANT,2021-06-18T00:00:00.000,0701A
1459585604,109,40,FIRE HYDRANT,2021-07-12T00:00:00.000,0939P
1459587420,109,40,FIRE HYDRANT,2021-07-16T00:00:00.000,0619A
1459587613,109,40,FIRE HYDRANT,2021-07-13T00:00:00.000,1129A
1459587625,109,40,FIRE HYDRANT,2021-07-15T00:00:00.000,1005A
1459587650,109,40,FIRE HYDRANT,2021-07-15T00:00:00.000,0114P
1459587662,109,40,FIRE HYDRANT,2021-07-16T00:00:00.000,0844A
1459588125,109,40,FIRE HYDRANT,2021-07-20T00:00:00.000,0417A
1459589099,109,40,FIRE HYDRANT,2021-07-06T00:00:00.000,1055P
1459589117,109,40,FIRE HYDRANT,2021-07-14T00:00:00.000,0818P
1459589142,109,40,FIRE HYDRANT,2021-07-21T00:00:00.000,0820P
1459689161,104,40,FIRE HYDRANT,2021-07-13T00:00:00.000,0452P
1460105345,105,40,FIRE HYDRANT,2021-06-27T00:00:00.000,1248A
1460818842,67,40,FIRE HYDRANT,2021-07-24T00:00:00.000,0112A
1460818854,67,40,FIRE HYDRANT,2021-07-24T00:00:00.000,0810P
1460818945,67,40,FIRE HYDRANT,2021-07-12T00:00:00.000,1100P
1460818957,67,40,FIRE HYDRANT,2021-07-24T00:00:00.000,0150A
1460818969,67,40,FIRE HYDRANT,2021-07-19T00:00:00.000,0812P
1460912883,18,40,FIRE HYDRANT,2021-07-09T00:00:00.000,0020A
1472274477,110,40,FIRE HYDRANT,2021-07-02T00:00:00.000,1051P
1472275640,110,40,FIRE HYDRANT,2021-07-22T00:00:00.000,0935P
1472275652,110,40,FIRE HYDRANT,2021-07-22T00:00:00.000,0950P
1472276670,110,40,FIRE HYDRANT,2021-07-09T00:00:00.000,0855A
1472288993,109,40,FIRE HYDRANT,2021-06-24T00:00:00.000,0102A
1472292406,110,40,FIRE HYDRANT,2021-07-15T00:00:00.000,0810P
1472297386,105,40,FIRE HYDRANT,2021-07-06T00:00:00.000,1242A
1472301780,108,40,FIRE HYDRANT,2021-07-06T00:00:00.000,0453A
1472310809,115,40,FIRE HYDRANT,2021-07-17T00:00:00.000,0238A
1472317063,110,40,FIRE HYDRANT,2021-07-15T00:00:00.000,1227P
1472317300,110,40,FIRE HYDRANT,2021-06-30T00:00:00.000,0906A
1472319291,110,40,FIRE HYDRANT,2021-07-14T00:00:00.000,0300P
1472320669,110,40,FIRE HYDRANT,2021-07-04T00:00:00.000,0950A
1472320700,110,40,FIRE HYDRANT,2021-07-04T00:00:00.000,0405P
1472321340,110,40,FIRE HYDRANT,2021-07-05T00:00:00.000,1035P
1461550622,109,40,FIRE HYDRANT,2021-07-02T00:00:00.000,0225A
1462129020,10,40,FIRE HYDRANT,2021-06-29T00:00:00.000,1030A
1462129110,10,40,FIRE HYDRANT,2021-07-04T00:00:00.000,0408P
1462129183,10,40,FIRE HYDRANT,2021-06-25T00:00:00.000,1035A
1462132030,10,40,FIRE HYDRANT,2021-06-16T00:00:00.000,1042A
1462132121,10,40,FIRE HYDRANT,2021-06-29T00:00:00.000,1031A
1472322873,110,40,FIRE HYDRANT,2021-07-10T00:00:00.000,1100A
1472323324,110,40,FIRE HYDRANT,2021-07-20T00:00:00.000,0115P
1472324055,110,40,FIRE HYDRANT,2021-06-23T00:00:00.000,1018P
1472325606,114,40,FIRE HYDRANT,2021-06-27T00:00:00.000,1023A
1472329685,115,40,FIRE HYDRANT,2021-07-05T00:00:00.000,0720P
1472330286,115,40,FIRE HYDRANT,2021-07-10T00:00:00.000,0850A
1472330316,115,40,FIRE HYDRANT,2021-07-10T00:00:00.000,0910A
1472344728,115,40,FIRE HYDRANT,2021-07-06T00:00:00.000,1253A
1472345290,115,40,FIRE HYDRANT,2021-07-12T00:00:00.000,0321P
1472346506,115,40,FIRE HYDRANT,2021-07-05T00:00:00.000,0610P
1472346518,115,40,FIRE HYDRANT,2021-06-28T00:00:00.000,0638P
1472346671,115,40,FIRE HYDRANT,2021-07-09T00:00:00.000,1059A
1472346877,115,40,FIRE HYDRANT,2021-07-03T00:00:00.000,1154A
1472347481,115,40,FIRE HYDRANT,2021-07-02T00:00:00.000,1155P
1472347500,115,40,FIRE HYDRANT,2021-07-19T00:00:00.000,0910P
1472348011,115,40,FIRE HYDRANT,2021-07-08T00:00:00.000,0250A
1472348904,115,40,FIRE HYDRANT,2021-07-12T00:00:00.000,1010P
1472353158,114,40,FIRE HYDRANT,2021-07-18T00:00:00.000,0225A
1472358156,114,40,FIRE HYDRANT,2021-07-11T00:00:00.000,0745P
1472363358,112,40,FIRE HYDRANT,2021-06-22T00:00:00.000,0547A
1472364430,112,40,FIRE HYDRANT,2021-07-13T00:00:00.000,0630P
1472365574,109,40,FIRE HYDRANT,2021-07-25T00:00:00.000,0244P
1472369762,111,40,FIRE HYDRANT,2021-07-18T00:00:00.000,0425A
1472415486,111,40,FIRE HYDRANT,2021-07-15T00:00:00.000,1119P
1472417550,111,40,FIRE HYDRANT,2021-07-05T00:00:00.000,1112P
1472418335,111,40,FIRE HYDRANT,2021-06-26T00:00:00.000,1220P
1472426230,114,40,FIRE HYDRANT,2021-07-01T00:00:00.000,0944A
1462607380,25,40,FIRE HYDRANT,2021-06-22T00:00:00.000,0315A
1462617177,28,40,FIRE HYDRANT,2021-06-23T00:00:00.000,0200P
1462670684,63,40,FIRE HYDRANT,2021-07-16T00:00:00.000,0356A
1463555465,121,40,FIRE HYDRANT,2021-07-04T00:00:00.000,0528A
1463555477,121,40,FIRE HYDRANT,2021-07-01T00:00:00.000,0455A
1463584180,121,40,FIRE HYDRANT,2021-07-21T00:00:00.000,1023P
1464000505,63,40,FIRE HYDRANT,2021-07-07T00:00:00.000,1250A
1464001601,63,40,FIRE HYDRANT,2021-07-14T00:00:00.000,0312A
1464001832,63,40,FIRE HYDRANT,2021-07-14T00:00:00.000,0258A
1464001844,63,40,FIRE HYDRANT,2021-07-14T00:00:00.000,0303A
1464001856,63,40,FIRE HYDRANT,2021-07-14T00:00:00.000,0333A
1464001893,63,40,FIRE HYDRANT,2021-07-20T00:00:00.000,0250A
1464001923,63,40,FIRE HYDRANT,2021-07-20T00:00:00.000,0303A
1472427142,0,40,FIRE HYDRANT,2021-07-19T00:00:00.000,0226A
1472427154,114,40,FIRE HYDRANT,2021-07-19T00:00:00.000,0535A
1472427671,114,40,FIRE HYDRANT,2021-06-30T00:00:00.000,0942P
1472427944,114,40,FIRE HYDRANT,2021-07-22T00:00:00.000,1254P
1472428274,114,40,FIRE HYDRANT,2021-07-13T00:00:00.000,0556A
1472428286,114,40,FIRE HYDRANT,2021-07-21T00:00:00.000,0126P
1472428304,114,40,FIRE HYDRANT,2021-07-21T00:00:00.000,0315P
1472434640,115,40,FIRE HYDRANT,2031-07-01T00:00:00.000,1109P
1472436507,115,40,FIRE HYDRANT,2021-07-04T00:00:00.000,0404P
1472437317,115,40,FIRE HYDRANT,2021-07-13T00:00:00.000,1230P
1472438528,115,40,FIRE HYDRANT,2021-07-19T00:00:00.000,1006A
1472438930,115,40,FIRE HYDRANT,2021-07-21T00:00:00.000,1119A
1472444541,115,40,FIRE HYDRANT,2021-07-16T00:00:00.000,0527P
1472445776,115,40,FIRE HYDRANT,2021-07-13T00:00:00.000,0745P
1472448900,115,40,FIRE HYDRANT,2021-07-14T00:00:00.000,0300A
1472455150,111,40,FIRE HYDRANT,2021-07-17T00:00:00.000,0215A
1472456490,111,40,FIRE HYDRANT,2021-07-17T00:00:00.000,0445A
1472457298,111,40,FIRE HYDRANT,2021-07-07T00:00:00.000,0946P
1472458497,111,40,FIRE HYDRANT,2021-07-18T00:00:00.000,0830P
1472458667,112,40,FIRE HYDRANT,2021-07-01T00:00:00.000,0438A
1472459260,111,40,FIRE HYDRANT,2021-07-16T00:00:00.000,0136A
1472481732,111,40,FIRE HYDRANT,2021-07-03T00:00:00.000,0838A
1472481975,111,40,FIRE HYDRANT,2021-07-12T00:00:00.000,0235P
1472482487,111,40,FIRE HYDRANT,2021-07-06T00:00:00.000,0743P
1472482736,111,40,FIRE HYDRANT,2021-07-06T00:00:00.000,1052P
1472483870,11,40,FIRE HYDRANT,2021-06-26T00:00:00.000,0847A
1472491713,109,40,FIRE HYDRANT,2021-07-13T00:00:00.000,0105P
1472560073,60,40,FIRE HYDRANT,2021-07-17T00:00:00.000,0306P
1464303964,13,40,FIRE HYDRANT,2021-06-30T00:00:00.000,0320P
1465500820,0,40,FIRE HYDRANT,2021-07-08T00:00:00.000,1125P
1465579151,73,40,FIRE HYDRANT,2021-06-22T00:00:00.000,1030A
1465582046,73,40,FIRE HYDRANT,2021-06-23T00:00:00.000,0334A
1465582058,73,40,FIRE HYDRANT,2021-07-06T00:00:00.000,0300A
1465582204,73,40,FIRE HYDRANT,2021-07-11T00:00:00.000,1112P
1465582230,73,40,FIRE HYDRANT,2021-06-21T00:00:00.000,0455P
1465582538,73,40,FIRE HYDRANT,2021-06-26T00:00:00.000,1159A
1465582563,73,40,FIRE HYDRANT,2021-06-26T00:00:00.000,0825A
1465582605,73,40,FIRE HYDRANT,2021-06-29T00:00:00.000,1214P
1465582630,73,40,FIRE HYDRANT,2021-07-04T00:00:00.000,0821A
1465582642,73,40,FIRE HYDRANT,2021-07-04T00:00:00.000,0807A
1465582848,73,40,FIRE HYDRANT,2021-06-27T00:00:00.000,0353A
1465582861,73,40,FIRE HYDRANT,2021-07-11T00:00:00.000,0036A
1465605009,83,40,FIRE HYDRANT,2021-07-06T00:00:00.000,0822P
1465605290,83,40,FIRE HYDRANT,2021-06-18T00:00:00.000,0734P
1465605708,83,40,FIRE HYDRANT,2021-07-08T00:00:00.000,0955A
1472522217,110,40,FIRE HYDRANT,2021-07-06T00:00:00.000,0710P
1472534724,110,40,FIRE HYDRANT,2021-07-07T00:00:00.000,1105P
1472534736,110,40,FIRE HYDRANT,2021-07-10T00:00:00.000,0905P
1472538481,110,40,FIRE HYDRANT,2021-07-11T00:00:00.000,0248P
1472540499,60,40,FIRE HYDRANT,2021-07-22T00:00:00.000,0720P
1472544500,60,40,FIRE HYDRANT,2021-07-22T00:00:00.000,0712A
1472557451,72,40,FIRE HYDRANT,2021-06-09T00:00:00.000,0257A
1472557517,72,40,FIRE HYDRANT,2021-06-17T00:00:00.000,0016A
1472557529,72,40,FIRE HYDRANT,2021-07-01T00:00:00.000,0420A
1472558388,72,40,FIRE HYDRANT,2021-07-07T00:00:00.000,0039A
1472558480,72,40,FIRE HYDRANT,2021-06-14T00:00:00.000,1230A
1472558959,72,40,FIRE HYDRANT,2021-07-06T00:00:00.000,0137A
1472559836,72,40,FIRE HYDRANT,2021-07-07T00:00:00.000,0643P
1472560115,60,40,FIRE HYDRANT,2021-07-22T00:00:00.000,1126A
1472574515,72,40,FIRE HYDRANT,2021-06-13T00:00:00.000,0916P
1472574692,72,40,FIRE HYDRANT,2021-06-20T00:00:00.000,0845A
1472574722,72,40,FIRE HYDRANT,2021-06-23T00:00:00.000,1010A
1472579835,72,40,FIRE HYDRANT,2021-07-14T00:00:00.000,1254A
1472582184,72,40,FIRE HYDRANT,2021-07-13T00:00:00.000,0038A
1472582226,71,40,FIRE HYDRANT,2021-07-23T00:00:00.000,0132A
1472584399,72,40,FIRE HYDRANT,2021-07-18T00:00:00.000,0510A
1472585525,67,40,FIRE HYDRANT,2021-06-27T00:00:00.000,1027P
1472590533,67,40,FIRE HYDRANT,2021-06-19T00:00:00.000,0608A
1472592608,67,40,FIRE HYDRANT,2021-07-02T00:00:00.000,1114P
1465606324,83,40,FIRE HYDRANT,2021-07-11T00:00:00.000,0846A
1465607389,83,40,FIRE HYDRANT,2021-07-01T00:00:00.000,0146A
1465607420,83,40,FIRE HYDRANT,2021-07-01T00:00:00.000,0119A
1465607470,83,40,FIRE HYDRANT,2021-06-29T00:00:00.000,0404A
1465607547,83,40,FIRE HYDRANT,2021-07-05T00:00:00.000,0917P
1466142078,44,40,FIRE HYDRANT,2021-07-15T00:00:00.000,0935A
1466142236,44,40,FIRE HYDRANT,2021-07-14T00:00:00.000,0945A
1463581970,121,41,MISCELLANEOUS,2021-07-01T00:00:00.000,0145A
1472385858,112,41,MISCELLANEOUS,2021-06-26T00:00:00.000,0947A
1472385974,112,41,MISCELLANEOUS,2021-07-08T00:00:00.000,0813A
1463759162,71,41,MISCELLANEOUS,2021-06-20T00:00:00.000,0136P
1462174723,10,45,TRAFFIC LANE,2021-06-25T00:00:00.000,0912A
1462174747,6,45,TRAFFIC LANE,2021-07-16T00:00:00.000,0904A
1462174760,6,45,TRAFFIC LANE,2021-07-01T00:00:00.000,0910A
1462175041,10,45,TRAFFIC LANE,2021-06-30T00:00:00.000,1221A
1462178078,10,45,TRAFFIC LANE,2021-06-25T00:00:00.000,0915A
1462181570,10,45,TRAFFIC LANE,2021-06-16T00:00:00.000,0328P
1465451201,113,45,TRAFFIC LANE,2021-06-26T00:00:00.000,0625P
1466144348,5,45,TRAFFIC LANE,2021-07-08T00:00:00.000,0230P
1466146394,5,45,TRAFFIC LANE,2021-06-24T00:00:00.000,1032A
1466146783,5,45,TRAFFIC LANE,2021-07-08T00:00:00.000,0220P
1459587686,109,46,DOUBLE PARKING,2021-07-21T00:00:00.000,0221P
1459947861,73,46,DOUBLE PARKING,2021-06-26T00:00:00.000,1110P
1472316782,110,46,DOUBLE PARKING,2021-07-09T00:00:00.000,0610P
1472345939,115,46,DOUBLE PARKING,2021-07-21T00:00:00.000,0715P
1472353160,114,46,DOUBLE PARKING,2021-07-17T00:00:00.000,0316A
1472356512,114,46,DOUBLE PARKING,2021-07-21T00:00:00.000,0601P
1472416144,111,46,DOUBLE PARKING,2021-07-01T00:00:00.000,0637A
1462577064,33,46,DOUBLE PARKING,2021-07-01T00:00:00.000,1247P
1462591668,32,46,DOUBLE PARKING,2021-06-25T00:00:00.000,1147P
1462601870,25,46,DOUBLE PARKING,2021-07-09T00:00:00.000,0642P
1462607354,25,46,DOUBLE PARKING,2021-06-22T00:00:00.000,0302A
1462607378,25,46,DOUBLE PARKING,2021-07-11T00:00:00.000,1156P
1462607410,25,46,DOUBLE PARKING,2021-06-22T00:00:00.000,0301A
1462622938,34,46,DOUBLE PARKING,2021-07-13T00:00:00.000,1008P
1464002526,63,46,DOUBLE PARKING,2021-07-18T00:00:00.000,1238P
1463584106,121,46,DOUBLE PARKING,2021-06-24T00:00:00.000,0913A
1463915834,71,46,DOUBLE PARKING,2021-07-17T00:00:00.000,0302A
1464000323,63,46,DOUBLE PARKING,2021-07-20T00:00:00.000,0922P
1464000335,63,46,DOUBLE PARKING,2021-07-20T00:00:00.000,0720P
1464000347,63,46,DOUBLE PARKING,2021-07-20T00:00:00.000,0622P
1464000359,63,46,DOUBLE PARKING,2021-07-20T00:00:00.000,0600P
1464001339,63,46,DOUBLE PARKING,2021-07-20T00:00:00.000,0620P
1464001340,63,46,DOUBLE PARKING,2021-07-20T00:00:00.000,0930P
1464001352,63,46,DOUBLE PARKING,2021-07-20T00:00:00.000,0933P
1464001364,63,46,DOUBLE PARKING,2021-07-20T00:00:00.000,0602P
1464001649,63,46,DOUBLE PARKING,2021-07-20T00:00:00.000,0300A
1464001662,63,46,DOUBLE PARKING,2021-07-20T00:00:00.000,0254A
1464001698,63,46,DOUBLE PARKING,2021-07-21T00:00:00.000,0415A
1464001900,63,46,DOUBLE PARKING,2021-07-20T00:00:00.000,0255A
1464001911,63,46,DOUBLE PARKING,2021-07-20T00:00:00.000,0258A
1464002435,63,46,DOUBLE PARKING,2021-07-19T00:00:00.000,0258P
1464002502,63,46,DOUBLE PARKING,2021-07-18T00:00:00.000,1236P
1464002514,67,46,DOUBLE PARKING,2021-07-18T00:00:00.000,1240P
1472427075,114,46,DOUBLE PARKING,2021-07-18T00:00:00.000,0233A
1472427087,114,46,DOUBLE PARKING,2022-07-18T00:00:00.000,0238A
1472427099,114,46,DOUBLE PARKING,2021-07-18T00:00:00.000,0242A
1472427105,114,46,DOUBLE PARKING,2021-07-18T00:00:00.000,0246A
1472427117,114,46,DOUBLE PARKING,2021-07-18T00:00:00.000,0250A
1472427129,114,46,DOUBLE PARKING,2021-07-18T00:00:00.000,0254A
1472427130,114,46,DOUBLE PARKING,2021-07-18T00:00:00.000,0259A
1472427932,114,46,DOUBLE PARKING,2021-07-21T00:00:00.000,0317A
1472436489,115,46,DOUBLE PARKING,2021-07-05T00:00:00.000,1115P
1472436490,115,46,DOUBLE PARKING,2021-07-05T00:00:00.000,0802P
1472438140,0,46,DOUBLE PARKING,2021-07-01T00:00:00.000,0739P
1472444840,115,46,DOUBLE PARKING,2021-07-04T00:00:00.000,1137P
1472459271,111,46,DOUBLE PARKING,2021-07-16T00:00:00.000,0142A
1464002538,63,46,DOUBLE PARKING,2021-07-21T00:00:00.000,0119P
1464003579,63,46,DOUBLE PARKING,2021-07-18T00:00:00.000,1240P
1465539153,45,46,DOUBLE PARKING,2021-07-04T00:00:00.000,0700P
1465539165,45,46,DOUBLE PARKING,2021-07-04T00:00:00.000,0707P
1465577889,73,46,DOUBLE PARKING,2021-06-25T00:00:00.000,0909P
1465579291,23,46,DOUBLE PARKING,2021-07-04T00:00:00.000,0209A
1465580761,73,46,DOUBLE PARKING,2021-06-23T00:00:00.000,0305A
1465581959,73,46,DOUBLE PARKING,2021-06-20T00:00:00.000,0225A
1465582198,73,46,DOUBLE PARKING,2021-06-21T00:00:00.000,0940P
1465582587,73,46,DOUBLE PARKING,2021-07-04T00:00:00.000,1221P
1465604273,83,46,DOUBLE PARKING,2021-06-19T00:00:00.000,0159A
1465606129,83,46,DOUBLE PARKING,2021-07-02T00:00:00.000,0817P
1465606130,83,46,DOUBLE PARKING,2021-07-02T00:00:00.000,1117P
1465606142,83,46,DOUBLE PARKING,2021-07-03T00:00:00.000,0621P
1472528268,112,46,DOUBLE PARKING,2021-07-11T00:00:00.000,0127A
1472555909,47,46,DOUBLE PARKING,2021-07-23T00:00:00.000,0958A
1472560097,60,46,DOUBLE PARKING,2021-07-18T00:00:00.000,0320P
1472585586,67,46,DOUBLE PARKING,2021-07-05T00:00:00.000,0211A
1472588940,67,46,DOUBLE PARKING,2021-06-20T00:00:00.000,1003P
1472596572,67,46,DOUBLE PARKING,2021-06-18T00:00:00.000,0915P
1472598970,67,46,DOUBLE PARKING,2021-07-04T00:00:00.000,0949P
1472599081,67,46,DOUBLE PARKING,2021-06-14T00:00:00.000,0554P
1472599111,67,46,DOUBLE PARKING,2021-07-04T00:00:00.000,0952P
1465606210,83,46,DOUBLE PARKING,2021-07-03T00:00:00.000,1008P
1465606233,83,46,DOUBLE PARKING,2021-07-03T00:00:00.000,1145P
1465606816,83,46,DOUBLE PARKING,2021-06-30T00:00:00.000,1009A
1466155024,84,46,DOUBLE PARKING,2021-06-21T00:00:00.000,0205P
1472321698,110,48,BIKE LANE,2021-07-10T00:00:00.000,0348A
1472342653,112,48,BIKE LANE,2021-07-08T00:00:00.000,0937A
1464001560,63,48,BIKE LANE,2021-07-04T00:00:00.000,0520A
1464001686,63,48,BIKE LANE,2021-07-21T00:00:00.000,0402A
1465579515,73,48,BIKE LANE,2021-06-24T00:00:00.000,0313P
1460912895,18,50,CROSSWALK,2021-07-09T00:00:00.000,0926P
1472363360,112,50,CROSSWALK,2021-07-07T00:00:00.000,0234A
1472419303,111,50,CROSSWALK,2021-07-20T00:00:00.000,0814A
1462577088,33,50,CROSSWALK,2021-07-19T00:00:00.000,1230P
1462623025,34,50,CROSSWALK,2021-07-19T00:00:00.000,1035P
1464001613,63,50,CROSSWALK,2021-07-14T00:00:00.000,0335A
1472534153,110,50,CROSSWALK,2021-07-15T00:00:00.000,1042P
1459587418,109,51,SIDEWALK,2021-06-30T00:00:00.000,0103A
1462125050,122,51,SIDEWALK,2021-07-11T00:00:00.000,0448P
1462132170,10,51,SIDEWALK,2021-07-06T00:00:00.000,0708A
1462173986,10,51,SIDEWALK,2021-07-07T00:00:00.000,1055A
1472365320,109,51,SIDEWALK,2021-07-15T00:00:00.000,0205P
1472369634,111,51,SIDEWALK,2021-07-07T00:00:00.000,0317A
1462577076,33,51,SIDEWALK,2021-07-19T00:00:00.000,1153A
1464001870,63,51,SIDEWALK,2021-07-14T00:00:00.000,0354A
1464002496,63,51,SIDEWALK,2021-07-18T00:00:00.000,1253P
1472490551,109,51,SIDEWALK,2021-07-05T00:00:00.000,0531A
1472509262,114,51,SIDEWALK,2021-07-03T00:00:00.000,0320A
1464003543,63,51,SIDEWALK,2021-07-18T00:00:00.000,1250P
1465580578,73,51,SIDEWALK,2021-07-01T00:00:00.000,0740P
1465605599,83,51,SIDEWALK,2021-06-16T00:00:00.000,0944A
1472554619,72,51,SIDEWALK,2021-06-16T00:00:00.000,0120P
1472554620,72,51,SIDEWALK,2021-06-17T00:00:00.000,0110P
1472554632,72,51,SIDEWALK,2021-06-16T00:00:00.000,0110A
1472574394,72,51,SIDEWALK,2021-06-29T00:00:00.000,0715P
1462127228,122,53,SAFETY ZONE,2021-07-07T00:00:00.000,0215P
1462174735,6,53,SAFETY ZONE,2021-07-15T00:00:00.000,0920A
1462174759,6,53,SAFETY ZONE,2021-07-09T00:00:00.000,0904A
1462174188,6,54,PCKP DSCHRGE IN PRHBTD ZONE,2021-07-10T00:00:00.000,0253A
1472458930,111,6,OVERNIGHT TRACTOR TRAILER PKG,2021-06-23T00:00:00.000,0922P
1472458953,111,6,OVERNIGHT TRACTOR TRAILER PKG,2021-06-30T00:00:00.000,0910P
1472458965,111,6,OVERNIGHT TRACTOR TRAILER PKG,2021-07-16T00:00:00.000,0915P
1459590429,109,61,WRONG WAY,2021-06-23T00:00:00.000,0640P
1464001753,63,61,WRONG WAY,2021-07-02T00:00:00.000,0519A
1472458606,111,61,WRONG WAY,2021-07-10T00:00:00.000,0721P
1472489834,109,62,BEYOND MARKED SPACE,2021-07-08T00:00:00.000,0401P
1462119682,104,63,NIGHTTIME STD/ PKG IN A PARK,2021-07-05T00:00:00.000,0935P
1462119890,104,63,NIGHTTIME STD/ PKG IN A PARK,2021-06-19T00:00:00.000,0905P
1462119943,104,63,NIGHTTIME STD/ PKG IN A PARK,2021-07-10T00:00:00.000,0901P
1462172740,6,63,NIGHTTIME STD/ PKG IN A PARK,2021-07-12T00:00:00.000,1130P
1462177797,1,63,NIGHTTIME STD/ PKG IN A PARK,2021-06-23T00:00:00.000,0125A
1462177803,6,63,NIGHTTIME STD/ PKG IN A PARK,2021-06-28T00:00:00.000,0408A
1472417574,111,66,DETACHED TRAILER,2021-07-15T00:00:00.000,0927P
1472455824,111,66,DETACHED TRAILER,2021-07-21T00:00:00.000,0950A
1472555892,72,66,DETACHED TRAILER,2021-06-16T00:00:00.000,0955A
1472605081,67,66,DETACHED TRAILER,2021-06-19T00:00:00.000,0918P
1457736070,46,67,PEDESTRIAN RAMP,2021-06-25T00:00:00.000,1005P
1459588198,109,67,PEDESTRIAN RAMP,2021-07-13T00:00:00.000,0244A
1472275639,110,67,PEDESTRIAN RAMP,2021-07-18T00:00:00.000,1223A
1472278641,110,67,PEDESTRIAN RAMP,2021-07-10T00:00:00.000,0310P
1472317051,110,67,PEDESTRIAN RAMP,2021-07-15T00:00:00.000,1205P
1472318316,110,67,PEDESTRIAN RAMP,2021-07-10T00:00:00.000,0908A
1472319280,110,67,PEDESTRIAN RAMP,2021-07-14T00:00:00.000,0943A
1462126455,122,67,PEDESTRIAN RAMP,2021-06-28T00:00:00.000,0416P
1472347262,115,67,PEDESTRIAN RAMP,2021-06-28T00:00:00.000,0210A
1464001625,63,67,PEDESTRIAN RAMP,2021-07-14T00:00:00.000,0350A
1464001637,63,67,PEDESTRIAN RAMP,2021-07-14T00:00:00.000,0625A
1464001868,63,67,PEDESTRIAN RAMP,2021-07-14T00:00:00.000,0345A
1472428262,114,67,PEDESTRIAN RAMP,2021-06-28T00:00:00.000,0835A
1472446460,115,67,PEDESTRIAN RAMP,2021-07-05T00:00:00.000,0710P
1472465982,110,67,PEDESTRIAN RAMP,2021-07-13T00:00:00.000,0953A
1472518366,110,67,PEDESTRIAN RAMP,2021-06-30T00:00:00.000,0235A
1465579266,73,67,PEDESTRIAN RAMP,2021-06-30T00:00:00.000,0834P
1466141463,44,67,PEDESTRIAN RAMP,2021-07-07T00:00:00.000,0145P
1460217482,100,68,NON-COMPLIANCE W/ POSTED SIGN,2021-06-28T00:00:00.000,0610P
1462125013,122,68,NON-COMPLIANCE W/ POSTED SIGN,2021-06-26T00:00:00.000,0215P
1462126420,122,68,NON-COMPLIANCE W/ POSTED SIGN,2021-06-26T00:00:00.000,0206P
1462126479,122,68,NON-COMPLIANCE W/ POSTED SIGN,2021-06-28T00:00:00.000,0142P
1462126509,122,68,NON-COMPLIANCE W/ POSTED SIGN,2021-06-28T00:00:00.000,0150P
1462126510,122,68,NON-COMPLIANCE W/ POSTED SIGN,2021-06-28T00:00:00.000,0154P
1462127230,122,68,NON-COMPLIANCE W/ POSTED SIGN,2021-07-07T00:00:00.000,0429P
1462127253,122,68,NON-COMPLIANCE W/ POSTED SIGN,2021-07-07T00:00:00.000,0931P
1462127265,122,68,NON-COMPLIANCE W/ POSTED SIGN,2021-07-07T00:00:00.000,0433P
1462127277,122,68,NON-COMPLIANCE W/ POSTED SIGN,2021-07-07T00:00:00.000,0435P
1462145700,122,68,NON-COMPLIANCE W/ POSTED SIGN,2021-06-27T00:00:00.000,1230P
1462172714,6,68,NON-COMPLIANCE W/ POSTED SIGN,2021-06-14T00:00:00.000,0950P
1462174190,10,68,NON-COMPLIANCE W/ POSTED SIGN,2021-07-15T00:00:00.000,0335P
1472365318,109,68,NON-COMPLIANCE W/ POSTED SIGN,2021-07-05T00:00:00.000,0840P
1462180255,0,68,NON-COMPLIANCE W/ POSTED SIGN,2021-06-24T00:00:00.000,0841A
1457670537,79,70,REG. STICKER-EXPIRED/MISSING,2021-06-19T00:00:00.000,0740P
1457800779,44,70,REG. STICKER-EXPIRED/MISSING,2021-06-23T00:00:00.000,1049A
1459587637,109,70,REG. STICKER-EXPIRED/MISSING,2021-07-15T00:00:00.000,1005A
1459588174,109,70,REG. STICKER-EXPIRED/MISSING,2021-07-13T00:00:00.000,0310A
1459589130,109,70,REG. STICKER-EXPIRED/MISSING,2021-07-20T00:00:00.000,0620P
1472319035,110,70,REG. STICKER-EXPIRED/MISSING,2021-07-19T00:00:00.000,1136A
1462685195,45,70,REG. STICKER-EXPIRED/MISSING,2020-11-25T00:00:00.000,0336P
1463580319,121,70,REG. STICKER-EXPIRED/MISSING,2021-06-23T00:00:00.000,0100A
1463581981,121,70,REG. STICKER-EXPIRED/MISSING,2021-07-18T00:00:00.000,0626A
1463583308,121,70,REG. STICKER-EXPIRED/MISSING,2021-07-13T00:00:00.000,0800P
1472453293,111,70,REG. STICKER-EXPIRED/MISSING,2021-07-06T00:00:00.000,0236P
1472453360,111,70,REG. STICKER-EXPIRED/MISSING,2021-06-29T00:00:00.000,1142P
1472482750,111,70,REG. STICKER-EXPIRED/MISSING,2021-07-07T00:00:00.000,0720P
1465444269,113,70,REG. STICKER-EXPIRED/MISSING,2021-07-13T00:00:00.000,0907A
1465449887,115,70,REG. STICKER-EXPIRED/MISSING,2021-07-06T00:00:00.000,0250P
1465451547,115,70,REG. STICKER-EXPIRED/MISSING,2021-07-13T00:00:00.000,0314P
1465581650,73,70,REG. STICKER-EXPIRED/MISSING,2021-06-23T00:00:00.000,0334P
1472590508,67,70,REG. STICKER-EXPIRED/MISSING,2021-06-21T00:00:00.000,0750A
1462685183,45,71,INSP. STICKER-EXPIRED/MISSING,2020-11-25T00:00:00.000,0336P
1462695073,34,71,INSP. STICKER-EXPIRED/MISSING,2020-12-09T00:00:00.000,0545A
1465440045,115,71,INSP. STICKER-EXPIRED/MISSING,2021-07-15T00:00:00.000,0347P
1457677623,41,74,FRONT OR BACK PLATE MISSING,2021-07-03T00:00:00.000,0600A
1457800767,44,74,FRONT OR BACK PLATE MISSING,2021-06-23T00:00:00.000,1044A
1472277247,110,74,FRONT OR BACK PLATE MISSING,2021-07-18T00:00:00.000,0235P
1472317117,110,74,FRONT OR BACK PLATE MISSING,2021-07-05T00:00:00.000,0226P
1462125591,122,74,FRONT OR BACK PLATE MISSING,2021-06-26T00:00:00.000,0903A
1463583280,121,74,FRONT OR BACK PLATE MISSING,2021-07-13T00:00:00.000,0803P
1464001595,63,74,FRONT OR BACK PLATE MISSING,2021-07-14T00:00:00.000,0311A
1472483340,111,74,FRONT OR BACK PLATE MISSING,2021-06-23T00:00:00.000,0415P
1472483418,111,74,FRONT OR BACK PLATE MISSING,2021-07-10T00:00:00.000,1031P
1472590491,67,74,FRONT OR BACK PLATE MISSING,2021-06-21T00:00:00.000,0750A
1472596146,67,74,FRONT OR BACK PLATE MISSING,2021-07-20T00:00:00.000,0552P
1462670659,63,75,NO MATCH-PLATE/STICKER,2021-07-16T00:00:00.000,1240A
1462670672,63,75,NO MATCH-PLATE/STICKER,2021-07-16T00:00:00.000,0402A
1462670702,63,75,NO MATCH-PLATE/STICKER,2021-07-16T00:00:00.000,0424A
1472484587,111,75,NO MATCH-PLATE/STICKER,2021-06-29T00:00:00.000,0205P
1459585598,109,78,NGHT PKG ON RESID STR-COMM VEH,2021-07-12T00:00:00.000,0905P
1459589257,109,78,NGHT PKG ON RESID STR-COMM VEH,2021-07-05T00:00:00.000,0935P
1459589270,109,78,NGHT PKG ON RESID STR-COMM VEH,2021-07-05T00:00:00.000,1025P
1459589348,109,78,NGHT PKG ON RESID STR-COMM VEH,2021-07-16T00:00:00.000,0445A
1459589841,109,78,NGHT PKG ON RESID STR-COMM VEH,2021-06-22T00:00:00.000,0145A
1459589865,109,78,NGHT PKG ON RESID STR-COMM VEH,2021-06-24T00:00:00.000,0327A
1460105357,105,78,NGHT PKG ON RESID STR-COMM VEH,2021-06-16T00:00:00.000,0133A
1460143164,105,78,NGHT PKG ON RESID STR-COMM VEH,2021-06-18T00:00:00.000,0230A
1472292546,110,78,NGHT PKG ON RESID STR-COMM VEH,2021-07-20T00:00:00.000,0155A
1472292558,110,78,NGHT PKG ON RESID STR-COMM VEH,2021-07-20T00:00:00.000,0210A
1472292560,110,78,NGHT PKG ON RESID STR-COMM VEH,2021-07-20T00:00:00.000,0230A
1472301778,108,78,NGHT PKG ON RESID STR-COMM VEH,2021-07-06T00:00:00.000,0453A
1472301791,108,78,NGHT PKG ON RESID STR-COMM VEH,2021-07-14T00:00:00.000,0123A
1472318500,110,78,NGHT PKG ON RESID STR-COMM VEH,2021-07-21T00:00:00.000,0134A
1471561811,105,78,NGHT PKG ON RESID STR-COMM VEH,2021-06-16T00:00:00.000,0145A
1461550439,109,78,NGHT PKG ON RESID STR-COMM VEH,2021-07-08T00:00:00.000,0935P
1472322629,110,78,NGHT PKG ON RESID STR-COMM VEH,2021-07-14T00:00:00.000,0400A
1472324067,110,78,NGHT PKG ON RESID STR-COMM VEH,2021-06-23T00:00:00.000,1100P
1472345903,115,78,NGHT PKG ON RESID STR-COMM VEH,2021-06-29T00:00:00.000,1015P
1472347870,115,78,NGHT PKG ON RESID STR-COMM VEH,2021-07-14T00:00:00.000,0238A
1472352658,114,78,NGHT PKG ON RESID STR-COMM VEH,2021-06-11T00:00:00.000,0323A
1472361143,112,78,NGHT PKG ON RESID STR-COMM VEH,2021-06-25T00:00:00.000,0937P
1472414627,111,78,NGHT PKG ON RESID STR-COMM VEH,2021-07-17T00:00:00.000,0957P
1472417616,111,78,NGHT PKG ON RESID STR-COMM VEH,2021-07-15T00:00:00.000,0924P
1472420998,114,78,NGHT PKG ON RESID STR-COMM VEH,2021-07-16T00:00:00.000,0512A
1472427920,114,78,NGHT PKG ON RESID STR-COMM VEH,2021-07-20T00:00:00.000,0141A
1472448662,115,78,NGHT PKG ON RESID STR-COMM VEH,2021-07-13T00:00:00.000,1055P
1472450954,111,78,NGHT PKG ON RESID STR-COMM VEH,2021-06-23T00:00:00.000,1105P
1472456671,111,78,NGHT PKG ON RESID STR-COMM VEH,2021-06-25T00:00:00.000,1216A
1472457304,111,78,NGHT PKG ON RESID STR-COMM VEH,2021-07-09T00:00:00.000,1052P
1472458102,111,78,NGHT PKG ON RESID STR-COMM VEH,2021-07-08T00:00:00.000,1048P
1472459258,111,78,NGHT PKG ON RESID STR-COMM VEH,2021-06-26T00:00:00.000,0334A
1472480028,111,78,NGHT PKG ON RESID STR-COMM VEH,2021-07-07T00:00:00.000,0115A
1472480030,111,78,NGHT PKG ON RESID STR-COMM VEH,2021-07-11T00:00:00.000,1250A
1472483406,111,78,NGHT PKG ON RESID STR-COMM VEH,2021-07-10T00:00:00.000,1031P
1472556537,72,78,NGHT PKG ON RESID STR-COMM VEH,2021-07-22T00:00:00.000,0948P
1472562446,72,78,NGHT PKG ON RESID STR-COMM VEH,2021-06-13T00:00:00.000,0205A
1472564080,72,78,NGHT PKG ON RESID STR-COMM VEH,2021-07-19T00:00:00.000,1010P
1472564091,72,78,NGHT PKG ON RESID STR-COMM VEH,2021-07-24T00:00:00.000,0930P
1465607900,83,78,NGHT PKG ON RESID STR-COMM VEH,2021-07-01T00:00:00.000,0116A
1472315224,110,83,IMPROPER REGISTRATION,2021-07-02T00:00:00.000,0200P
1465579758,73,83,IMPROPER REGISTRATION,2021-06-26T00:00:00.000,1047A
1472314360,115,85,STORAGE-3HR COMMERCIAL,2021-07-15T00:00:00.000,0940P
1462562784,83,91,VEHICLE FOR SALE(DEALERS ONLY),2021-06-24T00:00:00.000,0134P
1472472421,114,91,VEHICLE FOR SALE(DEALERS ONLY),2021-06-10T00:00:00.000,0955A
1472479749,111,96,RAILROAD CROSSING,2021-07-21T00:00:00.000,0138P
1472312442,115,98,OBSTRUCTING DRIVEWAY,2021-07-11T00:00:00.000,0654A
1457622427,88,98,OBSTRUCTING DRIVEWAY,2021-06-17T00:00:00.000,0809P
1457638629,83,98,OBSTRUCTING DRIVEWAY,2021-06-16T00:00:00.000,0605P
1457643042,83,98,OBSTRUCTING DRIVEWAY,2021-06-28T00:00:00.000,1120A
1457663909,94,98,OBSTRUCTING DRIVEWAY,2021-07-02T00:00:00.000,0905A
1457734242,0,98,OBSTRUCTING DRIVEWAY,2021-07-04T00:00:00.000,0440P
1457736044,46,98,OBSTRUCTING DRIVEWAY,2021-07-02T00:00:00.000,1121P
1457751460,45,98,OBSTRUCTING DRIVEWAY,2021-06-23T00:00:00.000,0838P
1457786096,46,98,OBSTRUCTING DRIVEWAY,2021-07-01T00:00:00.000,0915A
1458019214,60,98,OBSTRUCTING DRIVEWAY,2021-07-23T00:00:00.000,0708P
1459490939,47,98,OBSTRUCTING DRIVEWAY,2021-06-29T00:00:00.000,0120A
1459496322,40,98,OBSTRUCTING DRIVEWAY,2021-06-24T00:00:00.000,0927A
1459551310,109,98,OBSTRUCTING DRIVEWAY,2021-07-10T00:00:00.000,0550A
1459553858,109,98,OBSTRUCTING DRIVEWAY,2021-07-05T00:00:00.000,1225P
1459585574,109,98,OBSTRUCTING DRIVEWAY,2021-07-12T00:00:00.000,0450P
1459585586,109,98,OBSTRUCTING DRIVEWAY,2021-07-12T00:00:00.000,0537P
1459585616,109,98,OBSTRUCTING DRIVEWAY,2021-07-12T00:00:00.000,0950P
1459585896,109,98,OBSTRUCTING DRIVEWAY,2021-07-06T00:00:00.000,0155P
1459587091,109,98,OBSTRUCTING DRIVEWAY,2021-07-06T00:00:00.000,0855A
1459587406,109,98,OBSTRUCTING DRIVEWAY,2021-06-23T00:00:00.000,0232A
1459587649,109,98,OBSTRUCTING DRIVEWAY,2021-07-15T00:00:00.000,1110A
1459588150,109,98,OBSTRUCTING DRIVEWAY,2021-07-17T00:00:00.000,0647A
1459588162,109,98,OBSTRUCTING DRIVEWAY,2021-07-13T00:00:00.000,0322A
1459589105,109,98,OBSTRUCTING DRIVEWAY,2021-07-14T00:00:00.000,0737P
1459589129,109,98,OBSTRUCTING DRIVEWAY,2021-07-20T00:00:00.000,0416P
1459589210,109,98,OBSTRUCTING DRIVEWAY,2021-07-05T00:00:00.000,0508P
1459589233,109,98,OBSTRUCTING DRIVEWAY,2021-07-05T00:00:00.000,0805P
1459651170,112,98,OBSTRUCTING DRIVEWAY,2021-07-17T00:00:00.000,1057P
1459653180,115,98,OBSTRUCTING DRIVEWAY,2021-07-04T00:00:00.000,0442A
1459653208,110,98,OBSTRUCTING DRIVEWAY,2021-07-07T00:00:00.000,0107A
1459654377,112,98,OBSTRUCTING DRIVEWAY,2021-06-22T00:00:00.000,0845P
1459704393,115,98,OBSTRUCTING DRIVEWAY,2021-06-30T00:00:00.000,0550A
1460103336,113,98,OBSTRUCTING DRIVEWAY,2021-06-20T00:00:00.000,0630P
1460156870,105,98,OBSTRUCTING DRIVEWAY,2021-06-22T00:00:00.000,0848A
1460694417,42,98,OBSTRUCTING DRIVEWAY,2021-07-12T00:00:00.000,1010A
1460740890,60,98,OBSTRUCTING DRIVEWAY,2021-07-17T00:00:00.000,0100P
1460818878,67,98,OBSTRUCTING DRIVEWAY,2021-07-17T00:00:00.000,0857P
1460818880,67,98,OBSTRUCTING DRIVEWAY,2021-07-24T00:00:00.000,1245A
1460818891,67,98,OBSTRUCTING DRIVEWAY,2021-07-23T00:00:00.000,1150P
1472274635,110,98,OBSTRUCTING DRIVEWAY,2021-07-14T00:00:00.000,1014P
1472274647,110,98,OBSTRUCTING DRIVEWAY,2021-07-14T00:00:00.000,1128P
1472274659,110,98,OBSTRUCTING DRIVEWAY,2021-07-17T00:00:00.000,1155P
1472275032,110,98,OBSTRUCTING DRIVEWAY,2021-07-10T00:00:00.000,0600A
1472275445,110,98,OBSTRUCTING DRIVEWAY,2021-07-12T00:00:00.000,0324A
1472275457,110,98,OBSTRUCTING DRIVEWAY,2021-07-14T00:00:00.000,0252A
1472275469,110,98,OBSTRUCTING DRIVEWAY,2021-07-14T00:00:00.000,0300A
1472275470,110,98,OBSTRUCTING DRIVEWAY,2021-07-19T00:00:00.000,0507A
1472275482,110,98,OBSTRUCTING DRIVEWAY,2021-07-21T00:00:00.000,0305A
1472275883,110,98,OBSTRUCTING DRIVEWAY,2021-07-07T00:00:00.000,0848P
1472276231,110,98,OBSTRUCTING DRIVEWAY,2021-07-12T00:00:00.000,0837P
1472276632,110,98,OBSTRUCTING DRIVEWAY,2021-07-03T00:00:00.000,0635P
1472276656,110,98,OBSTRUCTING DRIVEWAY,2021-07-04T00:00:00.000,1201A
1472276668,110,98,OBSTRUCTING DRIVEWAY,2021-07-06T00:00:00.000,1202A
1472276681,110,98,OBSTRUCTING DRIVEWAY,2021-07-09T00:00:00.000,1210P
1472276863,110,98,OBSTRUCTING DRIVEWAY,2021-07-06T00:00:00.000,0230P
1472276954,110,98,OBSTRUCTING DRIVEWAY,2021-07-06T00:00:00.000,0250P
1472277235,110,98,OBSTRUCTING DRIVEWAY,2021-07-17T00:00:00.000,0840A
1472277259,110,98,OBSTRUCTING DRIVEWAY,2021-07-22T00:00:00.000,1119A
1472277260,110,98,OBSTRUCTING DRIVEWAY,2021-07-19T00:00:00.000,0855A
1472277790,110,98,OBSTRUCTING DRIVEWAY,2021-07-18T00:00:00.000,0310P
1472277806,110,98,OBSTRUCTING DRIVEWAY,2021-07-18T00:00:00.000,0235P
1472277820,110,98,OBSTRUCTING DRIVEWAY,2021-07-17T00:00:00.000,0900A
1472278630,110,98,OBSTRUCTING DRIVEWAY,2021-07-10T00:00:00.000,0120P
1472285104,109,98,OBSTRUCTING DRIVEWAY,2021-06-27T00:00:00.000,1035A
1472290252,110,98,OBSTRUCTING DRIVEWAY,2021-06-21T00:00:00.000,0802P
1472292212,110,98,OBSTRUCTING DRIVEWAY,2021-06-30T00:00:00.000,0838P
1472292376,110,98,OBSTRUCTING DRIVEWAY,2021-07-08T00:00:00.000,0842A
1472292534,110,98,OBSTRUCTING DRIVEWAY,2021-06-23T00:00:00.000,0320A
1472299693,108,98,OBSTRUCTING DRIVEWAY,2021-07-16T00:00:00.000,0400P
1472301766,108,98,OBSTRUCTING DRIVEWAY,2021-06-28T00:00:00.000,0609A
1472304299,123,98,OBSTRUCTING DRIVEWAY,2021-07-01T00:00:00.000,0602P
1472312466,115,98,OBSTRUCTING DRIVEWAY,2021-07-11T00:00:00.000,0515A
1472314694,110,98,OBSTRUCTING DRIVEWAY,2021-07-16T00:00:00.000,0838A
1472314736,110,98,OBSTRUCTING DRIVEWAY,2021-07-16T00:00:00.000,0143P
1472314827,110,98,OBSTRUCTING DRIVEWAY,2021-07-06T00:00:00.000,1218A
1472314943,110,98,OBSTRUCTING DRIVEWAY,2021-07-19T00:00:00.000,0452A
1472314955,110,98,OBSTRUCTING DRIVEWAY,2021-07-15T00:00:00.000,0155A
1472314967,110,98,OBSTRUCTING DRIVEWAY,2021-07-08T00:00:00.000,0727A
1472315030,110,98,OBSTRUCTING DRIVEWAY,2021-06-22T00:00:00.000,1057A
1472316058,110,98,OBSTRUCTING DRIVEWAY,2021-06-28T00:00:00.000,0117P
1472316460,110,98,OBSTRUCTING DRIVEWAY,2021-07-14T00:00:00.000,0825A
1472316472,110,98,OBSTRUCTING DRIVEWAY,2021-07-14T00:00:00.000,1040A
1472316484,110,98,OBSTRUCTING DRIVEWAY,2021-07-18T00:00:00.000,0230P
1472316654,110,98,OBSTRUCTING DRIVEWAY,2021-06-26T00:00:00.000,0750P
1472316794,110,98,OBSTRUCTING DRIVEWAY,2021-06-26T00:00:00.000,0455P
1472316873,110,98,OBSTRUCTING DRIVEWAY,2021-07-07T00:00:00.000,0120A
1472316885,110,98,OBSTRUCTING DRIVEWAY,2021-07-07T00:00:00.000,0156A
1472317129,110,98,OBSTRUCTING DRIVEWAY,2021-06-22T00:00:00.000,0221A
1472317439,110,98,OBSTRUCTING DRIVEWAY,2021-06-25T00:00:00.000,0132P
1472317981,110,98,OBSTRUCTING DRIVEWAY,2021-07-07T00:00:00.000,1031P
1472317993,110,98,OBSTRUCTING DRIVEWAY,2021-07-16T00:00:00.000,0722P
1472318018,110,98,OBSTRUCTING DRIVEWAY,2021-06-25T00:00:00.000,1051A
1472318274,110,98,OBSTRUCTING DRIVEWAY,2021-07-08T00:00:00.000,0858A
1472318286,110,98,OBSTRUCTING DRIVEWAY,2021-07-02T00:00:00.000,1016P
1472318298,110,98,OBSTRUCTING DRIVEWAY,2021-07-08T00:00:00.000,1255P
1472318304,110,98,OBSTRUCTING DRIVEWAY,2021-07-08T00:00:00.000,0247P
1472318328,110,98,OBSTRUCTING DRIVEWAY,2021-07-10T00:00:00.000,1222P
1472318663,110,98,OBSTRUCTING DRIVEWAY,2021-06-23T00:00:00.000,0843P
1472318687,110,98,OBSTRUCTING DRIVEWAY,2021-06-24T00:00:00.000,1025P
1472318705,110,98,OBSTRUCTING DRIVEWAY,2021-07-17T00:00:00.000,1257A
1472318857,110,98,OBSTRUCTING DRIVEWAY,2021-07-21T00:00:00.000,0353A
1472319229,110,98,OBSTRUCTING DRIVEWAY,2021-07-03T00:00:00.000,0954P
1472319266,110,98,OBSTRUCTING DRIVEWAY,2021-07-14T00:00:00.000,0805A
1472319278,110,98,OBSTRUCTING DRIVEWAY,2021-07-14T00:00:00.000,0838A
1472320359,110,98,OBSTRUCTING DRIVEWAY,2021-07-21T00:00:00.000,0806P
1472320517,110,98,OBSTRUCTING DRIVEWAY,2021-06-26T00:00:00.000,0320A
1472320529,110,98,OBSTRUCTING DRIVEWAY,2021-06-26T00:00:00.000,0332A
1472320712,110,98,OBSTRUCTING DRIVEWAY,2021-07-11T00:00:00.000,1125A
1472320815,110,98,OBSTRUCTING DRIVEWAY,2021-07-19T00:00:00.000,0110P
1472321339,110,98,OBSTRUCTING DRIVEWAY,2021-07-05T00:00:00.000,0920P
1472321388,110,98,OBSTRUCTING DRIVEWAY,2021-06-22T00:00:00.000,1255P
1472321790,110,98,OBSTRUCTING DRIVEWAY,2021-07-09T00:00:00.000,0254A
1472322149,110,98,OBSTRUCTING DRIVEWAY,2021-07-11T00:00:00.000,0648A
1472322150,0,98,OBSTRUCTING DRIVEWAY,2021-07-10T00:00:00.000,1140P
1472323282,110,98,OBSTRUCTING DRIVEWAY,2021-07-12T00:00:00.000,1040A
1472323294,110,98,OBSTRUCTING DRIVEWAY,2021-07-12T00:00:00.000,1135A
1472323300,110,98,OBSTRUCTING DRIVEWAY,2021-07-15T00:00:00.000,0145P
1472323312,110,98,OBSTRUCTING DRIVEWAY,2021-07-15T00:00:00.000,0224P
1472323336,110,98,OBSTRUCTING DRIVEWAY,2021-07-21T00:00:00.000,1020A
1472324079,110,98,OBSTRUCTING DRIVEWAY,2021-06-27T00:00:00.000,0904P
1472324080,110,98,OBSTRUCTING DRIVEWAY,2021-07-12T00:00:00.000,0826P
1472324092,110,98,OBSTRUCTING DRIVEWAY,2021-07-12T00:00:00.000,1000P
1472324304,110,98,OBSTRUCTING DRIVEWAY,2021-07-19T00:00:00.000,1024P
1472329697,115,98,OBSTRUCTING DRIVEWAY,2021-07-16T00:00:00.000,0550P
1472330328,115,98,OBSTRUCTING DRIVEWAY,2021-07-02T00:00:00.000,1100P
1472330330,115,98,OBSTRUCTING DRIVEWAY,2021-07-10T00:00:00.000,1105A
1472342460,112,98,OBSTRUCTING DRIVEWAY,2021-07-17T00:00:00.000,0750P
1472344698,115,98,OBSTRUCTING DRIVEWAY,2021-07-17T00:00:00.000,0913A
1472345083,115,98,OBSTRUCTING DRIVEWAY,2021-06-22T00:00:00.000,0940A
1472345095,115,98,OBSTRUCTING DRIVEWAY,2021-07-14T00:00:00.000,0250P
1472345915,115,98,OBSTRUCTING DRIVEWAY,2021-07-08T00:00:00.000,0820P
1472345927,115,98,OBSTRUCTING DRIVEWAY,2021-06-29T00:00:00.000,1040P
1472346117,115,98,OBSTRUCTING DRIVEWAY,2021-07-16T00:00:00.000,0850P
1472346658,115,98,OBSTRUCTING DRIVEWAY,2021-07-19T00:00:00.000,0203P
1472346660,115,98,OBSTRUCTING DRIVEWAY,2021-07-16T00:00:00.000,0956A
1472347286,115,98,OBSTRUCTING DRIVEWAY,2021-06-25T00:00:00.000,0200A
1472347821,115,98,OBSTRUCTING DRIVEWAY,2021-07-03T00:00:00.000,0123A
1472347857,115,98,OBSTRUCTING DRIVEWAY,2021-07-09T00:00:00.000,0708A
1472348060,115,98,OBSTRUCTING DRIVEWAY,2021-07-18T00:00:00.000,0135A
1472348461,115,98,OBSTRUCTING DRIVEWAY,2021-06-25T00:00:00.000,0900P
1472348473,115,98,OBSTRUCTING DRIVEWAY,2021-06-17T00:00:00.000,1010P
1472348679,115,98,OBSTRUCTING DRIVEWAY,2021-07-10T00:00:00.000,0930P
1472348680,115,98,OBSTRUCTING DRIVEWAY,2021-07-10T00:00:00.000,0456P
1472348709,115,98,OBSTRUCTING DRIVEWAY,2021-06-25T00:00:00.000,0945A
1472348783,115,98,OBSTRUCTING DRIVEWAY,2021-07-02T00:00:00.000,0603P
1472348795,115,98,OBSTRUCTING DRIVEWAY,2021-07-05T00:00:00.000,0436P
1472348801,115,98,OBSTRUCTING DRIVEWAY,2021-07-05T00:00:00.000,0610P
1472348886,115,98,OBSTRUCTING DRIVEWAY,2021-06-23T00:00:00.000,0615P
1472348916,115,98,OBSTRUCTING DRIVEWAY,2021-07-15T00:00:00.000,0942P
1472349350,115,98,OBSTRUCTING DRIVEWAY,2021-06-26T00:00:00.000,0821A
1472349374,115,98,OBSTRUCTING DRIVEWAY,2021-06-26T00:00:00.000,0245P
1472350868,114,98,OBSTRUCTING DRIVEWAY,2021-06-27T00:00:00.000,0236P
1472353018,114,98,OBSTRUCTING DRIVEWAY,2021-07-10T00:00:00.000,0306A
1472358065,114,98,OBSTRUCTING DRIVEWAY,2021-06-25T00:00:00.000,0744P
1472358107,114,98,OBSTRUCTING DRIVEWAY,2021-07-09T00:00:00.000,0605P
1472358132,114,98,OBSTRUCTING DRIVEWAY,2021-06-30T00:00:00.000,0145P
1472359240,114,98,OBSTRUCTING DRIVEWAY,2021-07-05T00:00:00.000,0903P
1472363371,112,98,OBSTRUCTING DRIVEWAY,2021-07-07T00:00:00.000,0622A
1472364429,112,98,OBSTRUCTING DRIVEWAY,2021-07-19T00:00:00.000,0833P
1472365331,109,98,OBSTRUCTING DRIVEWAY,2021-07-15T00:00:00.000,0302P
1472365975,109,98,OBSTRUCTING DRIVEWAY,2021-07-21T00:00:00.000,0535P
1472374411,111,98,OBSTRUCTING DRIVEWAY,2021-07-14T00:00:00.000,0210A
1472387533,112,98,OBSTRUCTING DRIVEWAY,2021-07-01T00:00:00.000,0041A
1472417562,111,98,OBSTRUCTING DRIVEWAY,2021-07-09T00:00:00.000,0450P
1472421516,114,98,OBSTRUCTING DRIVEWAY,2021-07-17T00:00:00.000,0205A
1463555490,121,98,OBSTRUCTING DRIVEWAY,2021-07-01T00:00:00.000,1222A
1463558960,121,98,OBSTRUCTING DRIVEWAY,2021-07-16T00:00:00.000,0247P
1463583266,121,98,OBSTRUCTING DRIVEWAY,2021-07-10T00:00:00.000,0805P
1463583278,121,98,OBSTRUCTING DRIVEWAY,2021-07-13T00:00:00.000,0645P
1463583291,121,98,OBSTRUCTING DRIVEWAY,2021-07-20T00:00:00.000,0755P
1463792037,71,98,OBSTRUCTING DRIVEWAY,2021-06-23T00:00:00.000,0430A
1464000300,63,98,OBSTRUCTING DRIVEWAY,2021-07-10T00:00:00.000,0403A
1464000748,63,98,OBSTRUCTING DRIVEWAY,2021-07-08T00:00:00.000,0258P
1464001881,63,98,OBSTRUCTING DRIVEWAY,2021-07-19T00:00:00.000,0123A
1472427257,114,98,OBSTRUCTING DRIVEWAY,2021-07-19T00:00:00.000,0515A
1472427269,114,98,OBSTRUCTING DRIVEWAY,2021-07-19T00:00:00.000,0257A
1472427415,114,98,OBSTRUCTING DRIVEWAY,2021-07-19T00:00:00.000,0242A
1472428146,114,98,OBSTRUCTING DRIVEWAY,2021-06-29T00:00:00.000,0658P
1472428663,114,98,OBSTRUCTING DRIVEWAY,2021-07-15T00:00:00.000,0941P
1472432356,109,98,OBSTRUCTING DRIVEWAY,2021-07-01T00:00:00.000,1254A
1472435631,115,98,OBSTRUCTING DRIVEWAY,2021-07-11T00:00:00.000,0857A
1472436477,115,98,OBSTRUCTING DRIVEWAY,2021-07-16T00:00:00.000,1037A
1472438073,115,98,OBSTRUCTING DRIVEWAY,2021-07-15T00:00:00.000,0441P
1472438127,115,98,OBSTRUCTING DRIVEWAY,2021-07-14T00:00:00.000,0843P
1472438139,115,98,OBSTRUCTING DRIVEWAY,2021-07-12T00:00:00.000,0813P
1472438942,115,98,OBSTRUCTING DRIVEWAY,2021-07-21T00:00:00.000,1030A
1472444565,115,98,OBSTRUCTING DRIVEWAY,2021-07-16T00:00:00.000,0524P
1472444589,0,98,OBSTRUCTING DRIVEWAY,2021-07-01T00:00:00.000,1041P
1472445120,115,98,OBSTRUCTING DRIVEWAY,2021-07-03T00:00:00.000,0826P
1472445764,115,98,OBSTRUCTING DRIVEWAY,2021-07-14T00:00:00.000,0943A
1472448650,115,98,OBSTRUCTING DRIVEWAY,2021-07-11T00:00:00.000,0640P
1472456506,111,98,OBSTRUCTING DRIVEWAY,2021-07-21T00:00:00.000,0200A
1472465490,110,98,OBSTRUCTING DRIVEWAY,2021-07-19T00:00:00.000,0859P
1472465829,110,98,OBSTRUCTING DRIVEWAY,2021-07-19T00:00:00.000,0746P
1472465970,110,98,OBSTRUCTING DRIVEWAY,2021-06-29T00:00:00.000,1050A
1472465994,110,98,OBSTRUCTING DRIVEWAY,2021-07-13T00:00:00.000,1017A
1472466007,110,98,OBSTRUCTING DRIVEWAY,2021-07-13T00:00:00.000,0237P
1472467905,110,98,OBSTRUCTING DRIVEWAY,2021-07-16T00:00:00.000,0040A
1472470072,114,98,OBSTRUCTING DRIVEWAY,2021-07-01T00:00:00.000,0441A
1472471325,114,98,OBSTRUCTING DRIVEWAY,2021-07-10T00:00:00.000,0827P
1454399284,67,98,OBSTRUCTING DRIVEWAY,2021-07-20T00:00:00.000,1150A
1472481940,111,98,OBSTRUCTING DRIVEWAY,2021-07-12T00:00:00.000,0900A
1472482748,111,98,OBSTRUCTING DRIVEWAY,2021-07-07T00:00:00.000,0505P
1472483030,111,98,OBSTRUCTING DRIVEWAY,2021-06-28T00:00:00.000,0955A
1472509316,114,98,OBSTRUCTING DRIVEWAY,2021-06-26T00:00:00.000,0130P
1472517805,110,98,OBSTRUCTING DRIVEWAY,2021-06-29T00:00:00.000,0916P
1472518391,110,98,OBSTRUCTING DRIVEWAY,2021-07-12T00:00:00.000,0305A
1472520105,110,98,OBSTRUCTING DRIVEWAY,2021-07-02T00:00:00.000,1030P
1472520130,110,98,OBSTRUCTING DRIVEWAY,2021-07-02T00:00:00.000,0700P
1465578079,73,98,OBSTRUCTING DRIVEWAY,2021-06-22T00:00:00.000,0513P
1465579163,73,98,OBSTRUCTING DRIVEWAY,2021-06-24T00:00:00.000,1112A
1465579199,73,98,OBSTRUCTING DRIVEWAY,2021-07-06T00:00:00.000,0528P
1465579527,73,98,OBSTRUCTING DRIVEWAY,2021-07-10T00:00:00.000,1103A
1465580773,73,98,OBSTRUCTING DRIVEWAY,2021-07-03T00:00:00.000,0635A
1465581080,73,98,OBSTRUCTING DRIVEWAY,2021-06-28T00:00:00.000,0855A
1465581091,73,98,OBSTRUCTING DRIVEWAY,2021-06-29T00:00:00.000,0213P
1465581108,73,98,OBSTRUCTING DRIVEWAY,2021-07-02T00:00:00.000,1020A
1465581110,73,98,OBSTRUCTING DRIVEWAY,2021-07-04T00:00:00.000,1100A
1465581121,75,98,OBSTRUCTING DRIVEWAY,2021-07-05T00:00:00.000,1115A
1465581261,73,98,OBSTRUCTING DRIVEWAY,2021-07-05T00:00:00.000,0829A
1465581273,73,98,OBSTRUCTING DRIVEWAY,2021-06-29T00:00:00.000,0831A
1465581558,73,98,OBSTRUCTING DRIVEWAY,2021-07-11T00:00:00.000,0936A
1465581662,73,98,OBSTRUCTING DRIVEWAY,2021-07-04T00:00:00.000,0929A
1465582228,73,98,OBSTRUCTING DRIVEWAY,2021-07-05T00:00:00.000,0800P
1465582289,73,98,OBSTRUCTING DRIVEWAY,2021-06-23T00:00:00.000,0829P
1465582514,73,98,OBSTRUCTING DRIVEWAY,2021-06-26T00:00:00.000,0209P
1465582873,73,98,OBSTRUCTING DRIVEWAY,2021-06-18T00:00:00.000,0006A
1465604285,83,98,OBSTRUCTING DRIVEWAY,2021-06-20T00:00:00.000,0125A
1465605010,83,98,OBSTRUCTING DRIVEWAY,2021-06-27T00:00:00.000,0711P
1465605605,83,98,OBSTRUCTING DRIVEWAY,2021-06-17T00:00:00.000,0859A
1465605617,83,98,OBSTRUCTING DRIVEWAY,2021-06-18T00:00:00.000,1059A
1465605630,83,98,OBSTRUCTING DRIVEWAY,2021-06-25T00:00:00.000,0829A
1465605642,83,98,OBSTRUCTING DRIVEWAY,2021-06-25T00:00:00.000,0246P
1465605654,83,98,OBSTRUCTING DRIVEWAY,2021-06-26T00:00:00.000,1048A
1465605721,83,98,OBSTRUCTING DRIVEWAY,2021-07-08T00:00:00.000,0300P
1465605976,83,98,OBSTRUCTING DRIVEWAY,2021-07-06T00:00:00.000,0200P
1465606117,83,98,OBSTRUCTING DRIVEWAY,2021-06-25T00:00:00.000,1045A
1472520166,110,98,OBSTRUCTING DRIVEWAY,2021-06-24T00:00:00.000,1100P
1472521900,110,98,OBSTRUCTING DRIVEWAY,2021-07-15T00:00:00.000,1244A
1472521912,110,98,OBSTRUCTING DRIVEWAY,2021-07-12T00:00:00.000,0810A
1472522631,110,98,OBSTRUCTING DRIVEWAY,2021-07-10T00:00:00.000,0139A
1472525176,112,98,OBSTRUCTING DRIVEWAY,2021-07-03T00:00:00.000,1005P
1472527951,112,98,OBSTRUCTING DRIVEWAY,2021-07-18T00:00:00.000,0721P
1472531346,110,98,OBSTRUCTING DRIVEWAY,2021-07-15T00:00:00.000,0315A
1472531358,110,98,OBSTRUCTING DRIVEWAY,2021-07-09T00:00:00.000,0240A
1472532478,110,98,OBSTRUCTING DRIVEWAY,2021-07-20T00:00:00.000,0110A
1472532480,110,98,OBSTRUCTING DRIVEWAY,2021-07-20T00:00:00.000,0217A
1472533033,110,98,OBSTRUCTING DRIVEWAY,2021-07-20T00:00:00.000,0217A
1472533045,110,98,OBSTRUCTING DRIVEWAY,2021-06-27T00:00:00.000,0441A
1472534104,110,98,OBSTRUCTING DRIVEWAY,2021-07-17T00:00:00.000,0840P
1472534116,110,98,OBSTRUCTING DRIVEWAY,2021-07-17T00:00:00.000,0429P
1472534748,110,98,OBSTRUCTING DRIVEWAY,2021-07-10T00:00:00.000,0915P
1472538468,110,98,OBSTRUCTING DRIVEWAY,2021-07-11T00:00:00.000,1005A
1472538470,110,98,OBSTRUCTING DRIVEWAY,2021-07-11T00:00:00.000,1050A
1472544511,60,98,OBSTRUCTING DRIVEWAY,2021-07-22T00:00:00.000,0718A
1472552738,72,98,OBSTRUCTING DRIVEWAY,2021-07-03T00:00:00.000,0147A
1472555557,72,98,OBSTRUCTING DRIVEWAY,2021-07-15T00:00:00.000,0315P
1472555570,72,98,OBSTRUCTING DRIVEWAY,2021-07-15T00:00:00.000,0119P
1472555582,72,98,OBSTRUCTING DRIVEWAY,2021-06-25T00:00:00.000,0840A
1472555880,72,98,OBSTRUCTING DRIVEWAY,2021-07-16T00:00:00.000,0820A
1472558406,72,98,OBSTRUCTING DRIVEWAY,2021-06-15T00:00:00.000,0215A
1472563578,72,98,OBSTRUCTING DRIVEWAY,2021-07-03T00:00:00.000,0506A
1472570558,72,98,OBSTRUCTING DRIVEWAY,2021-07-05T00:00:00.000,0614P
1472579094,72,98,OBSTRUCTING DRIVEWAY,2021-07-11T00:00:00.000,0430P
1472582147,72,98,OBSTRUCTING DRIVEWAY,2021-07-12T00:00:00.000,0723A
1472582196,72,98,OBSTRUCTING DRIVEWAY,2021-07-16T00:00:00.000,0241A
1472582287,72,98,OBSTRUCTING DRIVEWAY,2021-07-13T00:00:00.000,1122P
1472586621,67,98,OBSTRUCTING DRIVEWAY,2021-07-06T00:00:00.000,1005P
1472594642,67,98,OBSTRUCTING DRIVEWAY,2021-06-30T00:00:00.000,0911A
1472595555,67,98,OBSTRUCTING DRIVEWAY,2021-07-16T00:00:00.000,1244P
1472595567,67,98,OBSTRUCTING DRIVEWAY,2021-07-16T00:00:00.000,1254P
1472596584,67,98,OBSTRUCTING DRIVEWAY,2021-07-20T00:00:00.000,1218P
1472596596,67,98,OBSTRUCTING DRIVEWAY,2021-07-22T00:00:00.000,0832A
1472596602,67,98,OBSTRUCTING DRIVEWAY,2021-07-24T00:00:00.000,0248P
1472596730,67,98,OBSTRUCTING DRIVEWAY,2021-07-24T00:00:00.000,0308P
1472596985,67,98,OBSTRUCTING DRIVEWAY,2021-07-13T00:00:00.000,0222A
1472597126,67,98,OBSTRUCTING DRIVEWAY,2021-07-12T00:00:00.000,0115A
1472597620,67,98,OBSTRUCTING DRIVEWAY,2021-07-03T00:00:00.000,0558P
1472601336,67,98,OBSTRUCTING DRIVEWAY,2021-06-14T00:00:00.000,0527P
1472606723,67,98,OBSTRUCTING DRIVEWAY,2021-07-07T00:00:00.000,0541P
1472607685,67,98,OBSTRUCTING DRIVEWAY,2021-06-18T00:00:00.000,0715P
1465606828,83,98,OBSTRUCTING DRIVEWAY,2021-06-30T00:00:00.000,1109A
1465607146,83,98,OBSTRUCTING DRIVEWAY,2021-06-20T00:00:00.000,1215P
1465608084,83,98,OBSTRUCTING DRIVEWAY,2021-07-01T00:00:00.000,0639A
1466149115,77,98,OBSTRUCTING DRIVEWAY,2021-06-28T00:00:00.000,0355A
1472348000,115,99,OTHER,2021-07-14T00:00:00.000,0143A
1465451092,113,99,OTHER,2021-06-27T00:00:00.000,0725A
